Live-Navigation|Guidage en direct|Navigazione in tempo reale|Navegación en directo|实时导航|現在地からのルート案内|실시간 길 안내|الملاحة المباشرة|Live navigation
Live-GPS|GPS en direct|GPS in tempo reale|GPS en directo|实时GPS|リアルタイムGPS|실시간 GPS|GPS مباشر|Live GPS
kein Live-GPS|pas de GPS en direct|nessun GPS in tempo reale|sin GPS en directo|未启用实时GPS|現在地の追跡なし|실시간 GPS 없음|دون GPS مباشر|no live GPS
Ohne GPS planen wir ab dem Parkeingang.|Sans GPS, l’itinéraire part de l’entrée du Parc.|Senza GPS, il percorso parte dall’ingresso del Parco.|Sin GPS, la ruta parte de la entrada del Parque.|未启用GPS时，路线从乐园入口开始规划。|GPSを使わない場合はパーク入口からルートを作成します。|GPS가 없으면 파크 입구에서 경로를 계획해요.|دون GPS، نخطّط المسار من مدخل المنتزه.|Without GPS, we plan from the park entrance.
Für Live-Navigation brauchen wir einen genauen Standort im Park.|Le guidage en direct nécessite une position précise dans le Parc.|La navigazione in tempo reale richiede una posizione precisa nel Parco.|La navegación en directo necesita una ubicación precisa dentro del Parque.|实时导航需要乐园内的准确位置。|ルート案内にはパーク内の正確な現在地が必要です。|실시간 길 안내에는 파크 안의 정확한 위치가 필요해요.|تتطلب الملاحة المباشرة موقعًا دقيقًا داخل المنتزه.|Live navigation requires an accurate location inside the park.
Dieser Browser unterstützt keinen Live-Standort.|Ce navigateur ne prend pas en charge la localisation en direct.|Questo browser non supporta la posizione in tempo reale.|Este navegador no admite ubicación en directo.|此浏览器不支持实时定位。|このブラウザは現在地の追跡に対応していません。|이 브라우저는 실시간 위치를 지원하지 않아요.|هذا المتصفح لا يدعم الموقع المباشر.|This browser does not support live location.
Live-Standort braucht eine sichere HTTPS-Verbindung.|La localisation nécessite une connexion HTTPS sécurisée.|La posizione richiede una connessione HTTPS sicura.|La ubicación necesita una conexión HTTPS segura.|实时定位需要安全的HTTPS连接。|位置情報には安全なHTTPS接続が必要です。|실시간 위치에는 안전한 HTTPS 연결이 필요해요.|يتطلب الموقع المباشر اتصال HTTPS آمنًا.|Live location requires a secure HTTPS connection.
Standort wird ermittelt …|Recherche de votre position…|Ricerca posizione…|Buscando tu ubicación…|正在获取位置…|現在地を取得中…|위치 찾는 중…|جارٍ تحديد موقعك…|Finding your location …
Standort wird neu bestimmt …|Actualisation de votre position…|Aggiornamento posizione…|Actualizando tu ubicación…|正在重新定位…|現在地を再取得中…|위치 다시 확인 중…|جارٍ تحديث موقعك…|Updating your location …
Standortzugriff abgelehnt. Aktiviere ihn in den Browser-Einstellungen.|Accès à la position refusé. Activez-le dans les réglages du navigateur.|Accesso alla posizione negato. Attivalo nelle impostazioni del browser.|Acceso a la ubicación denegado. Actívalo en los ajustes del navegador.|定位权限被拒绝，请在浏览器设置中启用。|位置情報の利用が拒否されました。ブラウザの設定で有効にしてください。|위치 접근이 거부되었어요. 브라우저 설정에서 허용하세요.|رُفض الوصول إلى الموقع. فعّله في إعدادات المتصفح.|Location access denied. Enable it in your browser settings.
Standort nicht rechtzeitig gefunden. Wir versuchen es weiter.|Position non trouvée à temps. La recherche continue.|Posizione non trovata in tempo. Continuiamo a cercare.|No se ha encontrado la ubicación a tiempo. Seguimos intentándolo.|未能及时获取位置，将继续尝试。|現在地の取得に時間がかかっています。引き続き検索します。|아직 위치를 찾지 못했어요. 계속 시도할게요.|لم يُحدّد الموقع في الوقت المطلوب. نواصل المحاولة.|Location not found in time. We'll keep trying.
Kein GPS-Signal. Du kannst den Start auf der Karte wählen.|Pas de signal GPS. Vous pouvez choisir le départ sur la carte.|Nessun segnale GPS. Puoi scegliere la partenza sulla mappa.|No hay señal GPS. Puedes elegir el inicio en el mapa.|没有GPS信号，可在地图上选择起点。|GPS信号がありません。地図で出発点を選べます。|GPS 신호가 없어요. 지도에서 출발점을 선택할 수 있어요.|لا توجد إشارة GPS. يمكنك اختيار البداية على الخريطة.|No GPS signal. You can choose your start on the map.
Kein neuer GPS-Fix verfügbar. Bitte kurz unter freiem Himmel erneut versuchen.|Pas de nouvelle position GPS. Réessayez quelques instants à ciel ouvert.|Nessuna nuova posizione GPS. Riprova per qualche istante all’aperto.|No hay una nueva posición GPS. Reinténtalo un momento al aire libre.|暂无新的GPS定位，请到露天位置稍后重试。|新しいGPS情報がありません。屋外で少し待ってからお試しください。|새 GPS 위치가 없어요. 잠시 야외에서 다시 시도하세요.|لا تتوفر قراءة GPS جديدة. جرّب مجددًا قليلًا في مكان مكشوف.|No new GPS fix available. Please try again outdoors in a moment.
GPS-Signal fehlt|Signal GPS absent|Segnale GPS assente|Sin señal GPS|没有GPS信号|GPS信号なし|GPS 신호 없음|إشارة GPS مفقودة|GPS signal missing
GPS ungenau|GPS imprécis|GPS impreciso|GPS impreciso|GPS精度较低|GPSの精度が低い|GPS 정확도 낮음|GPS غير دقيق|GPS inaccurate
GPS ungenau (± {0} m). Warte auf ein genaueres Signal.|GPS imprécis (± {0} m). Attendez une position plus précise.|GPS impreciso (± {0} m). Attendi un segnale più preciso.|GPS impreciso (± {0} m). Espera una señal más precisa.|GPS误差为±{0}米，请等待更准确的信号。|GPSの誤差は±{0}mです。精度が上がるまでお待ちください。|GPS 오차가 ±{0}m예요. 더 정확한 신호를 기다려 주세요.|GPS غير دقيق (± {0} م). انتظر إشارة أدق.|GPS inaccurate (± {0} m). Wait for a more accurate signal.
warte auf ein besseres Signal.|attendez un meilleur signal.|attendi un segnale migliore.|espera una mejor señal.|请等待更好的信号。|より良い信号を待っています。|더 나은 신호를 기다려 주세요.|انتظر إشارة أفضل.|waiting for a better signal.
GPS seit {0} Sek. nicht aktualisiert|GPS non actualisé depuis {0} s|GPS non aggiornato da {0} s|GPS sin actualizar desde hace {0} s|GPS已有{0}秒未更新|GPSは{0}秒前から未更新|GPS가 {0}초 동안 업데이트되지 않았어요|لم يُحدّث GPS منذ {0} ث|GPS hasn't updated for {0} sec
Letzter Standort|Dernière position|Ultima posizione|Última ubicación|上次位置|前回の現在地|마지막 위치|آخر موقع|Last location
Genauigkeit ± {0} m|Précision ± {0} m|Precisione ± {0} m|Precisión ± {0} m|精度±{0}米|精度±{0}m|정확도 ±{0}m|الدقة ± {0} م|Accuracy ± {0} m
Navigation pausiert.|Guidage en pause.|Navigazione in pausa.|Navegación en pausa.|导航已暂停。|ルート案内を一時停止中。|길 안내가 일시 중지되었어요.|الملاحة متوقفة مؤقتًا.|Navigation paused.
Im Park|Dans le Parc|Nel Parco|En el Parque|在乐园内|パーク内|파크 안|داخل المنتزه|In the park
Außerhalb der Parks|Hors des Parcs|Fuori dai Parchi|Fuera de los Parques|在乐园外|パーク外|파크 밖|خارج المنتزهين|Outside the parks
Du bist außerhalb der Parks. Routenplanung bleibt am gewählten Start.|Vous êtes hors des Parcs. L’itinéraire conserve le départ choisi.|Sei fuori dai Parchi. Il percorso mantiene la partenza scelta.|Estás fuera de los Parques. La ruta conserva el inicio elegido.|你位于乐园外，路线仍以已选起点规划。|パークの外にいます。ルートは選択した出発点から作成します。|파크 밖에 있어요. 선택한 출발점으로 경로를 유지해요.|أنت خارج المنتزهين. يبقى تخطيط المسار من نقطة البداية المختارة.|You're outside the parks. Route planning stays at the selected start.
Mehr als 10 km entfernt|À plus de 10 km|A oltre 10 km|A más de 10 km|距离超过10公里|10km以上離れています|10km 이상 떨어져 있어요|على بعد أكثر من 10 كم|More than 10 km away
Mehr als 10 km vom Disneyland entfernt. Du kannst jetzt deine Favoriten auswählen.|Vous êtes à plus de 10 km de Disneyland. Vous pouvez choisir vos favoris pour la visite.|Sei a oltre 10 km da Disneyland. Puoi scegliere i preferiti per la visita.|Estás a más de 10 km de Disneyland. Puedes elegir tus favoritos para la visita.|你距离Disneyland超过10公里，现在可先选择收藏项目。|Disneylandから10km以上離れています。来園用のお気に入りを選べます。|Disneyland에서 10km 이상 떨어져 있어요. 지금 즐겨찾기를 선택할 수 있어요.|أنت على بعد أكثر من 10 كم من Disneyland. يمكنك الآن اختيار المفضلة لزيارتك.|More than 10 km from Disneyland. You can choose your favorites now.
Du bist mehr als 10 km vom Disneyland entfernt. Wähle jetzt deine Favoriten.|Vous êtes à plus de 10 km de Disneyland. Choisissez vos favoris pour la visite.|Sei a oltre 10 km da Disneyland. Scegli ora i preferiti.|Estás a más de 10 km de Disneyland. Elige tus favoritos ahora.|你距离Disneyland超过10公里，请先选择收藏项目。|Disneylandから10km以上離れています。まずお気に入りを選びましょう。|Disneyland에서 10km 이상 떨어져 있어요. 지금 즐겨찾기를 선택하세요.|أنت على بعد أكثر من 10 كم من Disneyland. اختر المفضلة الآن.|You're more than 10 km from Disneyland. Choose your favorites now.
Navigation in der Nähe des Parks verfügbar|Guidage disponible à proximité du Parc|Navigazione disponibile vicino al Parco|Navegación disponible cerca del Parque|靠近乐园后可使用导航|パークの近くでルート案内を利用できます|파크 근처에서 길 안내를 이용할 수 있어요|الملاحة متاحة بالقرب من المنتزه|Navigation available near the park
Navigation in Parknähe verfügbar|Guidage disponible près du Parc|Navigazione disponibile vicino al Parco|Navegación disponible cerca del Parque|靠近乐园后可使用导航|パークの近くでルート案内を利用できます|파크 근처에서 길 안내를 이용할 수 있어요|الملاحة متاحة بالقرب من المنتزه|Navigation available near the park
Letzter bekannter Standort: mehr als 10 km entfernt. Standort aktivieren, um die Entfernung neu zu prüfen.|Dernière position connue : à plus de 10 km. Activez la localisation pour revérifier la distance.|Ultima posizione nota: oltre 10 km. Attiva la posizione per verificare di nuovo la distanza.|Última ubicación conocida: a más de 10 km. Activa la ubicación para comprobar la distancia de nuevo.|上次已知位置距离超过10公里。请启用定位，重新确认距离。|前回の現在地は10km以上離れています。位置情報を有効にして距離を確認してください。|마지막 위치는 10km 이상 떨어져 있어요. 위치 정보를 켜서 거리를 다시 확인하세요.|آخر موقع معروف يبعد أكثر من 10 كم. فعّل الموقع للتحقق من المسافة مجددًا.|Last known location: more than 10 km away. Enable location to check the distance again.
Standort liegt außerhalb des erfassten Wegenetzes. Wähle einen Start im Park.|La position est hors du réseau de chemins enregistré. Choisissez un départ dans le Parc.|La posizione è fuori dalla rete di sentieri registrata. Scegli una partenza nel Parco.|La ubicación está fuera de la red de caminos registrada. Elige un inicio dentro del Parque.|当前位置不在已记录的步行路网内，请选择乐园内的起点。|現在地が記録済みの歩道網の外です。パーク内の出発点を選んでください。|위치가 기록된 보행로 밖에 있어요. 파크 안의 출발점을 선택하세요.|الموقع خارج شبكة الممرات المسجّلة. اختر بداية داخل المنتزه.|Your location is outside the recorded path network. Choose a start inside the park.
Bitte einen Startpunkt auf einem Parkweg wählen.|Choisissez un point de départ sur un chemin du Parc.|Scegli un punto di partenza su un sentiero del Parco.|Elige un punto de inicio en un camino del Parque.|请选择乐园步行道路上的起点。|パークの歩道上で出発点を選んでください。|파크의 보행로에서 출발점을 선택하세요.|اختر نقطة بداية على ممر في المنتزه.|Please choose a starting point on a park path.
Tippe auf deinen Startpunkt auf der Wegekarte.|Touchez votre point de départ sur la carte des chemins.|Tocca la partenza sulla mappa dei sentieri.|Toca el inicio en el mapa de caminos.|请在步行地图上点击起点。|歩道マップで出発点をタップしてください。|보행 지도에서 출발점을 탭하세요.|اضغط نقطة البداية على خريطة الممرات.|Tap your starting point on the walking map.
Startpunkt gespeichert.|Point de départ enregistré.|Partenza salvata.|Inicio guardado.|起点已保存。|出発点を保存しました。|출발점을 저장했어요.|تم حفظ نقطة البداية.|Starting point saved.
Entfernung nicht verfügbar|Distance indisponible|Distanza non disponibile|Distancia no disponible|距离暂无数据|距離情報なし|거리 정보 없음|المسافة غير متاحة|Distance unavailable
Fußweg nicht verfügbar|Trajet à pied indisponible|Percorso a piedi non disponibile|Camino a pie no disponible|步行路线不可用|徒歩ルートなし|도보 경로 없음|مسار المشي غير متاح|Walking route unavailable
Fußweg aktuell nicht verfügbar|Trajet à pied actuellement indisponible|Percorso a piedi al momento non disponibile|Camino a pie no disponible ahora|步行路线暂不可用|現在徒歩ルートを表示できません|현재 도보 경로를 볼 수 없어요|مسار المشي غير متاح حاليًا|Walking route currently unavailable
Für diesen Ort ist kein Fußweg verfügbar.|Aucun trajet à pied disponible pour ce lieu.|Nessun percorso a piedi disponibile per questo luogo.|No hay camino a pie disponible para este lugar.|此地点没有可用的步行路线。|この場所への徒歩ルートはありません。|이 장소까지의 도보 경로가 없어요.|لا يتوفر مسار مشي لهذا المكان.|No walking route is available for this place.
Keine erreichbare Toilette gefunden.|Aucune toilette accessible trouvée.|Nessuna toilette raggiungibile trovata.|No se han encontrado aseos accesibles.|未找到可到达的洗手间。|到達できるトイレが見つかりません。|갈 수 있는 화장실을 찾지 못했어요.|لم يُعثر على دورة مياه يمكن الوصول إليها.|No reachable restroom found.
Keine passenden erreichbaren Orte gefunden.|Aucun lieu accessible correspondant trouvé.|Nessun luogo raggiungibile corrispondente trovato.|No se han encontrado lugares accesibles coincidentes.|未找到符合条件且可到达的地点。|条件に合う到達可能な場所がありません。|조건에 맞고 갈 수 있는 장소를 찾지 못했어요.|لم يُعثر على أماكن مطابقة يمكن الوصول إليها.|No suitable reachable places found.
Bereich ungefähr|Zone approximative|Zona approssimativa|Zona aproximada|大致区域|おおよそのエリア|대략적인 구역|منطقة تقريبية|Approximate area
Treffpunkt vor Ort prüfen|Vérifiez le point de rencontre sur place|Verifica il punto d’incontro sul posto|Comprueba el punto de encuentro allí|请在现场确认见面地点|集合場所は現地で確認してください|만남 장소는 현장에서 확인하세요|تحقّق من نقطة اللقاء في الموقع|Check the meeting point on site
Zugang ungefähr|Accès approximatif|Accesso approssimativo|Acceso aproximado|入口位置为近似值|入口位置はおおよそです|입구 위치는 대략적이에요|موقع المدخل تقريبي|Approximate entrance
Beschilderung vor Ort folgen|Suivez les panneaux sur place|Segui la segnaletica sul posto|Sigue las señales allí|请遵循现场指示牌|現地の案内表示に従ってください|현장 안내 표지판을 따르세요|اتبع اللوحات الإرشادية في الموقع|Follow signs on site
Entfernungen ab|Distances depuis|Distanze da|Distancias desde|距离起点：|距離の起点：|거리 기준|المسافات من|Distances from
ab deinem Standort|depuis votre position|dalla tua posizione|desde tu ubicación|从你的位置出发|現在地から|내 위치에서|من موقعك|from your location
ab deinem Start|depuis votre départ|dalla tua partenza|desde tu inicio|从你的起点出发|出発点から|출발점에서|من نقطة بدايتك|from your start
Fußweg ab {0}|Trajet à pied depuis {0}|Percorso a piedi da {0}|Camino a pie desde {0}|从{0}出发的步行路线|{0}からの徒歩ルート|{0}에서의 도보 경로|مسار المشي من {0}|Walking route from {0}
Start: {0}|Départ : {0}|Partenza: {0}|Inicio: {0}|起点：{0}|出発点：{0}|출발점: {0}|البداية: {0}|Start: {0}
Route ab {0}|Itinéraire depuis {0}|Percorso da {0}|Ruta desde {0}|从{0}出发的路线|{0}からのルート|{0}에서의 경로|المسار من {0}|Route from {0}
Planung ab dem Parkeingang|Itinéraire depuis l’entrée du Parc|Pianificazione dall’ingresso del Parco|Planificación desde la entrada del Parque|从乐园入口规划|パーク入口から計画|파크 입구에서 계획|التخطيط من مدخل المنتزه|Planning from the park entrance
Gehrichtung wird beim Gehen erkannt.|La direction est détectée pendant la marche.|La direzione viene rilevata mentre cammini.|La dirección se detecta al caminar.|开始行走后将识别方向。|歩くと進行方向を検出します。|걸으면 이동 방향을 감지해요.|يُكتشف اتجاه الحركة أثناء المشي.|Walking direction is detected as you walk.
warte auf Kompass oder Bewegung|en attente de la boussole ou d’un déplacement|in attesa della bussola o di movimento|esperando brújula o movimiento|等待指南针信号或移动|コンパスまたは移動を待っています|나침반 또는 이동 감지 대기 중|في انتظار البوصلة أو الحركة|waiting for compass or movement
Karte folgt dem Richtungspfeil|La carte suit la flèche de direction|La mappa segue la freccia di direzione|El mapa sigue la flecha de dirección|地图跟随方向箭头|地図は方向の矢印に合わせて回転|지도가 방향 화살표를 따라가요|الخريطة تتبع سهم الاتجاه|Map follows the direction arrow
Karte automatisch in Gehrichtung ausrichten|Orienter la carte dans le sens de la marche|Orienta la mappa nella direzione di marcia|Orientar el mapa en la dirección de marcha|按行走方向自动调整地图|地図を進行方向に自動で合わせる|지도를 이동 방향에 자동 정렬|توجيه الخريطة تلقائيًا باتجاه المشي|Automatically rotate the map to your walking direction
