Willkommen bei Disney|Bienvenue dans Disney|Benvenuto su Disney|Bienvenido a Disney|欢迎使用Disney|Disneyへようこそ|Disney에 오신 것을 환영해요|مرحبًا بك في ديزني
a better Disneyland Paris App|a better Disneyland Paris App|a better Disneyland Paris App|a better Disneyland Paris App|a better Disneyland Paris App|a better Disneyland Paris App|a better Disneyland Paris App|a better Disneyland Paris App
Disney auf deinem Handy|Disney sur votre téléphone|Disney sul tuo telefono|Disney en tu móvil|手机上的Disney|スマホでDisney|휴대폰에서 Disney|ديزني على هاتفك
Bereit für den Park.|Prêt pour les Parcs.|Pronto per il Parco.|Listo para el Parque.|准备开启乐园之旅。|パークを楽しむ準備を。|파크를 즐길 준비 완료.|جاهز للمنتزه.
Installiere a better Disneyland Paris App zuerst. Danach richten wir Kinderhinweise, Standort und Push-Mitteilungen ein.|Installez d’abord a better Disneyland Paris App. Ensuite, configurez les conseils pour les enfants, la localisation et les notifications.|Prima installa a better Disneyland Paris App. Poi imposteremo consigli per bambini, posizione e notifiche.|Primero instala a better Disneyland Paris App. Después configuraremos los consejos para niños, la ubicación y las notificaciones.|请先安装a better Disneyland Paris App，然后设置儿童体验提示、定位和推送通知。|まずa better Disneyland Paris Appをインストールします。その後、お子さま向けの案内、位置情報、通知を設定します。|먼저 a better Disneyland Paris App를 설치하세요. 그다음 어린이 안내, 위치 정보와 알림을 설정해요.|ثبّت a better Disneyland Paris App أولًا، ثم نضبط إرشادات الأطفال والموقع والإشعارات.
Zum Home-Bildschirm|Ajouter à l’écran d’accueil|Aggiungi alla schermata Home|Añadir a la pantalla de inicio|添加到主屏幕|ホーム画面に追加|홈 화면에 추가|إضافة إلى الشاشة الرئيسية
Vorerst im Browser weitermachen|Continuer dans le navigateur pour l’instant|Per ora continua nel browser|Continuar en el navegador por ahora|暂时在浏览器中继续|ひとまずブラウザで続ける|일단 브라우저에서 계속|المتابعة في المتصفح حاليًا
Wie alt und groß ist dein jüngstes Kind?|Quel âge et quelle taille a votre plus jeune enfant ?|Quanti anni ha e quanto è alto il tuo figlio più piccolo?|¿Qué edad y altura tiene tu hijo más pequeño?|你家最小的孩子多大、多高？|一番小さいお子さまの年齢と身長は？|가장 어린 아이의 나이와 키를 알려주세요.|ما عمر وطول أصغر طفل لديك؟
Dein jüngstes Kind|Votre plus jeune enfant|Il tuo figlio più piccolo|Tu hijo más pequeño|你家最小的孩子|一番小さいお子さま|가장 어린 아이|أصغر طفل لديك
Jüngstes Kind|Plus jeune enfant|Figlio più piccolo|Hijo más pequeño|最小的孩子|一番小さいお子さま|가장 어린 아이|أصغر طفل
Alter in Jahren|Âge en années|Età in anni|Edad en años|年龄（岁）|年齢（歳）|나이(세)|العمر بالسنوات
Größe in cm|Taille en cm|Altezza in cm|Altura en cm|身高（厘米）|身長（cm）|키(cm)|الطول بالسنتيمتر
Angaben speichern|Enregistrer|Salva dati|Guardar datos|保存信息|入力内容を保存|정보 저장|حفظ البيانات
Angaben speichern & weiter|Enregistrer et continuer|Salva e continua|Guardar y continuar|保存并继续|保存して続ける|저장하고 계속|الحفظ والمتابعة
Ohne Kinder weiter|Continuer sans enfant|Continua senza bambini|Continuar sin niños|不填写儿童信息，继续|お子さまの情報なしで続ける|어린이 정보 없이 계속|المتابعة دون معلومات أطفال
Hinweise für das jüngste Kind anzeigen|Afficher les conseils pour le plus jeune enfant|Mostra consigli per il figlio più piccolo|Mostrar consejos para el hijo más pequeño|显示最小孩子的体验提示|一番小さいお子さまの案内を表示|가장 어린 아이를 위한 안내 표시|عرض إرشادات أصغر طفل
Damit siehst du passende Hinweise zu Mindestgröße und Begleitung bei den Rides.|Ces informations permettent d’afficher les règles de taille et d’accompagnement adaptées à votre enfant.|Questi dati permettono di mostrare indicazioni su altezza minima e accompagnamento per tuo figlio.|Estos datos permiten mostrar avisos de altura mínima y acompañamiento adecuados para tu hijo.|填写后，可查看适用的最低身高及陪同要求。|入力すると、お子さまに合わせた身長制限や同伴条件を確認できます。|아이에게 맞는 최소 키와 동반 조건을 안내해 드려요.|تتيح هذه المعلومات عرض إرشادات مناسبة عن الحد الأدنى للطول والمرافق.
Die Angaben bleiben auf diesem Gerät. Du kannst sie später unter Info → Einstellungen ändern.|Les informations restent sur cet appareil. Vous pourrez les modifier dans Infos → Réglages.|I dati restano su questo dispositivo. Puoi modificarli in Info → Impostazioni.|Los datos permanecen en este dispositivo. Puedes cambiarlos en Información → Ajustes.|这些信息只保存在本设备上，可稍后在“信息→设置”中修改。|情報はこの端末に保存します。後から「情報→設定」で変更できます。|정보는 이 기기에만 저장돼요. 나중에 정보 → 설정에서 변경할 수 있어요.|تبقى البيانات على هذا الجهاز. يمكنك تعديلها لاحقًا في معلومات ← الإعدادات.
Die Kinderangaben bleiben auf diesem Gerät.|Les informations de l’enfant restent sur cet appareil.|I dati del bambino restano su questo dispositivo.|Los datos del niño permanecen en este dispositivo.|儿童信息只保存在本设备上。|お子さまの情報はこの端末に保存します。|어린이 정보는 이 기기에만 저장돼요.|تبقى معلومات الطفل على هذا الجهاز.
Bitte Alter (0–17 Jahre) und Größe (40–220 cm) eintragen.|Saisissez l’âge (0–17 ans) et la taille (40–220 cm).|Inserisci età (0–17 anni) e altezza (40–220 cm).|Introduce la edad (0–17 años) y la altura (40–220 cm).|请输入年龄（0至17岁）和身高（40至220厘米）。|年齢（0〜17歳）と身長（40〜220cm）を入力してください。|나이(0~17세)와 키(40~220cm)를 입력하세요.|أدخل العمر من 0 إلى 17 سنة والطول من 40 إلى 220 سم.
Angaben zum jüngsten Kind gespeichert.|Informations du plus jeune enfant enregistrées.|Dati del figlio più piccolo salvati.|Datos del hijo más pequeño guardados.|已保存最小孩子的信息。|一番小さいお子さまの情報を保存しました。|가장 어린 아이의 정보를 저장했어요.|تم حفظ معلومات أصغر طفل.
Die Angaben konnten nicht gespeichert werden. Bitte erneut versuchen.|Impossible d’enregistrer les informations. Réessayez.|Impossibile salvare i dati. Riprova.|No se han podido guardar los datos. Reinténtalo.|无法保存信息，请重试。|情報を保存できませんでした。もう一度お試しください。|정보를 저장하지 못했어요. 다시 시도하세요.|تعذّر حفظ البيانات. أعد المحاولة.
Single Rider bevorzugen und bei Wartezeit-Hinweisen berücksichtigen|Privilégier Single Rider et l’inclure dans les alertes d’attente|Preferisci Single Rider e includilo negli avvisi di attesa|Priorizar Single Rider e incluirlo en las alertas de espera|优先显示单人乘客队列，并纳入等候时间提醒|シングルライダーを優先表示し、待ち時間の通知にも含める|싱글 라이더를 우선 표시하고 대기 시간 알림에 포함|تفضيل طابور الأفراد وإدراجه في تنبيهات الانتظار
Favoriten-Hinweise ab 20 % weniger Wartezeit gegenüber dem hinterlegten Durchschnitt.|Alertes de favoris dès que l’attente baisse d’au moins 20 % par rapport à la moyenne enregistrée.|Avvisi per i preferiti quando l’attesa è almeno il 20% inferiore alla media salvata.|Alertas de favoritos cuando la espera es al menos un 20 % inferior a la media guardada.|收藏项目的等候时间比已保存平均值低至少20%时提醒。|お気に入りの待ち時間が保存された平均より20％以上短いと通知します。|즐겨찾기의 대기 시간이 저장된 평균보다 20% 이상 짧으면 알려드려요.|تُرسل تنبيهات المفضلة عند انخفاض الانتظار 20% على الأقل عن المتوسط المحفوظ.
Einstellungen konnten nicht gespeichert werden.|Impossible d’enregistrer les réglages.|Impossibile salvare le impostazioni.|No se han podido guardar los ajustes.|无法保存设置。|設定を保存できませんでした。|설정을 저장하지 못했어요.|تعذّر حفظ الإعدادات.
Jetzt Standort und Push aktivieren, damit du unterwegs nichts verpasst.|Activez la localisation et les notifications pour ne rien manquer en route.|Attiva posizione e notifiche per non perdere nulla durante la visita.|Activa la ubicación y las notificaciones para no perderte nada durante la visita.|现在启用定位和推送通知，游玩时不错过重要提醒。|位置情報と通知を有効にして、移動中もお知らせを受け取りましょう。|위치 정보와 알림을 켜서 이동 중에도 안내를 받아보세요.|فعّل الموقع والإشعارات كي لا تفوتك التنبيهات أثناء الزيارة.
Standort & Push einrichten|Configurer la localisation et les notifications|Imposta posizione e notifiche|Configurar ubicación y notificaciones|设置定位与推送通知|位置情報と通知を設定|위치 정보 및 알림 설정|إعداد الموقع والإشعارات
Push-Mitteilungen|Notifications push|Notifiche push|Notificaciones push|推送通知|プッシュ通知|푸시 알림|إشعارات فورية
Benachrichtigungen|Notifications|Notifiche|Notificaciones|通知|通知|알림|الإشعارات
Push aktivieren|Activer les notifications|Attiva notifiche|Activar notificaciones|启用推送通知|通知を有効にする|푸시 알림 켜기|تفعيل الإشعارات
Push aktiviert|Notifications activées|Notifiche attivate|Notificaciones activadas|推送通知已启用|通知を有効にしました|푸시 알림 켜짐|تم تفعيل الإشعارات
Push aktiv|Notifications actives|Notifiche attive|Notificaciones activas|推送通知已启用|通知は有効です|푸시 알림 켜짐|الإشعارات مفعّلة
Push deaktivieren|Désactiver les notifications|Disattiva notifiche|Desactivar notificaciones|关闭推送通知|通知を無効にする|푸시 알림 끄기|تعطيل الإشعارات
Push deaktiviert.|Notifications désactivées.|Notifiche disattivate.|Notificaciones desactivadas.|已关闭推送通知。|通知を無効にしました。|푸시 알림을 껐어요.|تم تعطيل الإشعارات.
Test senden|Envoyer un test|Invia test|Enviar prueba|发送测试通知|テスト通知を送信|테스트 알림 보내기|إرسال اختبار
Bitte die Push-Freigabe deines Geräts bestätigen …|Confirmez l’autorisation de notification sur votre appareil…|Conferma il permesso per le notifiche sul dispositivo…|Confirma el permiso de notificaciones en tu dispositivo…|请在设备上确认允许推送通知…|端末で通知の許可を確認してください…|기기에서 알림 권한을 허용하세요…|أكد إذن الإشعارات على جهازك…
Push wird geprüft …|Vérification des notifications…|Verifica notifiche…|Comprobando notificaciones…|正在检查推送通知…|通知を確認中…|푸시 알림 확인 중…|جارٍ التحقق من الإشعارات…
Push wird noch eingerichtet.|Configuration des notifications en cours.|Configurazione notifiche ancora in corso.|Las notificaciones aún se están configurando.|推送通知仍在设置中。|通知を設定中です。|푸시 알림을 아직 설정 중이에요.|لا يزال إعداد الإشعارات جاريًا.
Push wird vorbereitet. Bitte danach erneut auf „Push aktivieren“ tippen.|Préparation des notifications. Touchez ensuite à nouveau « Activer les notifications ».|Preparazione notifiche. Poi tocca di nuovo « Attiva notifiche ».|Preparando las notificaciones. Después vuelve a tocar « Activar notificaciones ».|正在准备推送通知，稍后请再次点击“启用推送通知”。|通知を準備中です。その後、もう一度「通知を有効にする」をタップしてください。|푸시 알림을 준비 중이에요. 이후 ‘푸시 알림 켜기’를 다시 탭하세요.|جارٍ تجهيز الإشعارات. اضغط بعدها مجددًا على «تفعيل الإشعارات».
Push ist in den Geräteeinstellungen gesperrt.|Les notifications sont bloquées dans les réglages de l’appareil.|Le notifiche sono bloccate nelle impostazioni del dispositivo.|Las notificaciones están bloqueadas en los ajustes del dispositivo.|设备设置中已禁止推送通知。|端末の設定で通知がブロックされています。|기기 설정에서 푸시 알림이 차단되어 있어요.|الإشعارات محظورة في إعدادات الجهاز.
Push nicht erlaubt. In den iPhone-Einstellungen unter Mitteilungen freigeben; Disney als installierte App öffnen.|Notifications refusées. Autorisez-les dans Réglages → Notifications sur l’iPhone, puis ouvrez Disney depuis son icône installée.|Notifiche non consentite. Autorizzale in Impostazioni → Notifiche su iPhone e apri Disney dall’icona installata.|Notificaciones no permitidas. Actívalas en Ajustes → Notificaciones del iPhone y abre Disney desde su icono instalado.|未获推送权限。请在iPhone的“设置→通知”中允许，并通过已安装的Disney图标打开应用。|通知が許可されていません。iPhoneの「設定→通知」で許可し、インストール済みのDisneyアプリから開いてください。|푸시 알림이 허용되지 않았어요. iPhone 설정 → 알림에서 허용하고 설치된 Disney 앱 아이콘으로 열어주세요.|الإشعارات غير مسموحة. فعّلها في إعدادات iPhone ← الإشعارات، وافتح ديزني من أيقونة التطبيق المثبّت.
Push momentan nicht verfügbar.|Notifications momentanément indisponibles.|Notifiche al momento non disponibili.|Notificaciones no disponibles por ahora.|推送通知暂不可用。|現在通知を利用できません。|현재 푸시 알림을 이용할 수 없어요.|الإشعارات غير متاحة حاليًا.
Push-Verbindung momentan nicht verfügbar.|Connexion aux notifications momentanément indisponible.|Connessione alle notifiche al momento non disponibile.|Conexión de notificaciones no disponible por ahora.|暂时无法连接推送服务。|現在通知サービスに接続できません。|현재 푸시 알림 서비스에 연결할 수 없어요.|الاتصال بخدمة الإشعارات غير متاح حاليًا.
Push konnte nicht aktiviert werden. Bitte erneut versuchen.|Impossible d’activer les notifications. Réessayez.|Impossibile attivare le notifiche. Riprova.|No se han podido activar las notificaciones. Reinténtalo.|无法启用推送通知，请重试。|通知を有効にできませんでした。もう一度お試しください。|푸시 알림을 켜지 못했어요. 다시 시도하세요.|تعذّر تفعيل الإشعارات. أعد المحاولة.
Push ist in der lokalen Vorschau nicht verbunden.|Les notifications ne sont pas connectées dans l’aperçu local.|Le notifiche non sono collegate nell’anteprima locale.|Las notificaciones no están conectadas en la vista previa local.|本地预览未连接推送服务。|ローカルプレビューでは通知は接続されていません。|로컬 미리보기에서는 푸시 알림이 연결되지 않아요.|الإشعارات غير متصلة في المعاينة المحلية.
Push aktiviert. Mit „Test senden“ kannst du die Zustellung prüfen.|Notifications activées. « Envoyer un test » permet de vérifier la réception.|Notifiche attivate. Usa « Invia test » per verificare la ricezione.|Notificaciones activadas. Usa « Enviar prueba » para comprobar la recepción.|推送通知已启用，可点击“发送测试通知”检查是否收到。|通知を有効にしました。「テスト通知を送信」で受信を確認できます。|푸시 알림을 켰어요. ‘테스트 알림 보내기’로 수신을 확인하세요.|تم تفعيل الإشعارات. استخدم «إرسال اختبار» للتحقق من وصولها.
Test an deinen Push-Dienst gesendet.|Test envoyé au service de notifications.|Test inviato al servizio di notifiche.|Prueba enviada al servicio de notificaciones.|已向推送服务发送测试通知。|通知サービスにテストを送信しました。|푸시 알림 서비스로 테스트를 보냈어요.|تم إرسال الاختبار إلى خدمة الإشعارات.
Standort erlaubt|Localisation autorisée|Posizione consentita|Ubicación permitida|已允许定位|位置情報を許可済み|위치 정보 허용됨|تم السماح بالموقع
GPS läuft auf deinem Gerät.|Le GPS fonctionne sur votre appareil.|Il GPS funziona sul tuo dispositivo.|El GPS funciona en tu dispositivo.|GPS在你的设备上运行。|GPSはこの端末で動作しています。|GPS는 내 기기에서 작동해요.|يعمل GPS على جهازك.
Los geht’s|C’est parti|Iniziamo|Vamos allá|开始游玩|さあ、出発|시작해요|هيا نبدأ
auch ohne Freigaben|même sans autorisation|anche senza permessi|incluso sin permisos|无需授权也可继续|許可しなくても続けられます|권한 없이도 계속|حتى دون منح الأذونات
Du kannst deine Freigaben später in den Einstellungen ändern.|Vous pourrez modifier les autorisations plus tard dans les réglages.|Puoi modificare i permessi in seguito nelle impostazioni.|Puedes cambiar los permisos más tarde en los ajustes.|可稍后在设置中修改授权。|許可設定は後から変更できます。|권한은 나중에 설정에서 변경할 수 있어요.|يمكنك تعديل الأذونات لاحقًا في الإعدادات.
Shows beginnen bald oder ein Favorit hat eine kurze Schlange.|Un spectacle commence bientôt ou la file d’un favori est courte.|Uno spettacolo sta per iniziare o un preferito ha poca coda.|Un espectáculo empieza pronto o un favorito tiene poca cola.|演出即将开始，或收藏项目的队列较短时提醒。|まもなく始まるショーや、お気に入りの短い待ち時間をお知らせします。|공연이 곧 시작되거나 즐겨찾기의 대기 줄이 짧으면 알려드려요.|ننبّهك عند اقتراب بدء عرض أو قِصر طابور إحدى ألعابك المفضلة.
Aktivieren, um Show-Hinweise und kurze Wartezeiten zu erhalten.|Activez pour recevoir les alertes de spectacles et d’attentes courtes.|Attiva per ricevere avvisi su spettacoli e attese brevi.|Actívalas para recibir avisos de espectáculos y esperas cortas.|启用后可收到演出及较短等候时间提醒。|有効にするとショーや短い待ち時間の通知を受け取れます。|켜면 공연과 짧은 대기 시간 알림을 받아요.|فعّلها لتلقي تنبيهات العروض وأوقات الانتظار القصيرة.
Für Live-Navigation und Shows in deiner Nähe. GPS bleibt im Browser.|Pour le guidage en direct et les spectacles proches. Les données GPS restent dans le navigateur.|Per la navigazione in tempo reale e gli spettacoli vicini. I dati GPS restano nel browser.|Para navegación en directo y espectáculos cercanos. El GPS permanece en el navegador.|用于实时导航和查找附近演出。GPS数据只保留在浏览器中。|現在地からのルート案内や近くのショーに使います。GPS情報はブラウザ内に保存します。|실시간 길 안내와 주변 공연을 위한 기능이에요. GPS 정보는 브라우저 안에만 남아요.|للملاحة المباشرة والعروض القريبة. تبقى بيانات GPS في المتصفح.
Für Live-Navigation und Hinweise in deiner Nähe. GPS bleibt im Browser.|Pour le guidage en direct et les alertes proches. Les données GPS restent dans le navigateur.|Per navigazione in tempo reale e avvisi nelle vicinanze. Il GPS resta nel browser.|Para navegación en directo y avisos cercanos. El GPS permanece en el navegador.|用于实时导航和附近提醒。GPS数据只保留在浏览器中。|現在地からのルート案内や近くのお知らせに使います。GPS情報はブラウザ内に保存します。|실시간 길 안내와 주변 알림을 위한 기능이에요. GPS 정보는 브라우저 안에만 남아요.|للملاحة المباشرة والتنبيهات القريبة. تبقى بيانات GPS في المتصفح.
Nach dem Öffnen der installierten App geht es mit Standort und Push weiter.|Une fois l’app installée ouverte, configurez la localisation et les notifications.|Apri l’app installata per proseguire con posizione e notifiche.|Abre la app instalada para continuar con ubicación y notificaciones.|打开已安装的应用后，即可继续设置定位和推送通知。|インストールしたアプリを開いたら、位置情報と通知を設定します。|설치된 앱을 열면 위치 정보와 푸시 알림을 설정할 수 있어요.|بعد فتح التطبيق المثبّت، تابع إعداد الموقع والإشعارات.
Öffne a better Disneyland Paris App über das Symbol auf dem Home-Bildschirm.|Ouvrez a better Disneyland Paris App avec l’icône sur l’écran d’accueil.|Apri a better Disneyland Paris App dall’icona sulla schermata Home.|Abre a better Disneyland Paris App desde el icono de la pantalla de inicio.|请通过主屏幕上的a better Disneyland Paris App图标打开应用。|ホーム画面のa better Disneyland Paris Appアイコンから開いてください。|홈 화면의 a better Disneyland Paris App 아이콘으로 열어주세요.|افتح a better Disneyland Paris App من الأيقونة على الشاشة الرئيسية.
iPhone: a better Disneyland Paris App zuerst zum Home-Bildschirm hinzufügen und von dort öffnen.|iPhone : ajoutez d’abord a better Disneyland Paris App à l’écran d’accueil, puis ouvrez-le depuis son icône.|iPhone: aggiungi prima a better Disneyland Paris App alla schermata Home e aprilo da lì.|iPhone: añade primero a better Disneyland Paris App a la pantalla de inicio y ábrelo desde allí.|iPhone：请先将a better Disneyland Paris App添加到主屏幕，再通过该图标打开。|iPhone：まずa better Disneyland Paris Appをホーム画面に追加し、そこから開いてください。|iPhone: 먼저 a better Disneyland Paris App를 홈 화면에 추가하고 해당 아이콘으로 열어주세요.|iPhone: أضف a better Disneyland Paris App إلى الشاشة الرئيسية أولًا، ثم افتحه من هناك.
iPhone: In Safari auf Teilen tippen → „Zum Home-Bildschirm“ → als Web-App hinzufügen. Öffne a better Disneyland Paris App anschließend über das neue Symbol.|iPhone : dans Safari, touchez Partager → Sur l’écran d’accueil → ajoutez comme app web. Ouvrez ensuite a better Disneyland Paris App depuis sa nouvelle icône.|iPhone: in Safari tocca Condividi → Aggiungi alla schermata Home → aggiungi come app web. Poi apri a better Disneyland Paris App dalla nuova icona.|iPhone: en Safari toca Compartir → Añadir a pantalla de inicio → añádela como app web. Después abre a better Disneyland Paris App desde su nuevo icono.|iPhone：在Safari中点击分享→添加到主屏幕→添加为网页应用。然后通过新图标打开a better Disneyland Paris App。|iPhone：Safariで共有→ホーム画面に追加→Webアプリとして追加。その後、新しいアイコンからa better Disneyland Paris Appを開いてください。|iPhone: Safari에서 공유 → 홈 화면에 추가 → 웹 앱으로 추가를 선택하세요. 그다음 새 아이콘으로 a better Disneyland Paris App를 열어주세요.|iPhone: في Safari اضغط مشاركة ← إضافة إلى الشاشة الرئيسية ← أضف كتطبيق ويب. ثم افتح a better Disneyland Paris App من الأيقونة الجديدة.
iPhone: In Safari auf Teilen tippen, dann „Zum Home-Bildschirm“ auswählen. Android: Im Browser-Menü „App installieren“ auswählen.|iPhone : dans Safari, touchez Partager, puis Sur l’écran d’accueil. Android : choisissez Installer l’app dans le menu du navigateur.|iPhone: in Safari tocca Condividi, poi Aggiungi alla schermata Home. Android: scegli Installa app nel menu del browser.|iPhone: en Safari toca Compartir y Añadir a pantalla de inicio. Android: elige Instalar app en el menú del navegador.|iPhone：在Safari中点击分享，再选择“添加到主屏幕”。Android：在浏览器菜单中选择“安装应用”。|iPhone：Safariで共有→ホーム画面に追加。Android：ブラウザのメニューでアプリをインストールを選んでください。|iPhone: Safari에서 공유 후 홈 화면에 추가를 선택하세요. Android: 브라우저 메뉴에서 앱 설치를 선택하세요.|iPhone: في Safari اضغط مشاركة ثم إضافة إلى الشاشة الرئيسية. Android: اختر تثبيت التطبيق من قائمة المتصفح.
Safari: Teilen → Zum Home-Bildschirm → als Web-App hinzufügen. Danach a better Disneyland Paris App über das neue App-Symbol öffnen.|Safari : Partager → Sur l’écran d’accueil → Ajouter comme app web. Ouvrez ensuite a better Disneyland Paris App depuis sa nouvelle icône.|Safari: Condividi → Aggiungi alla schermata Home → aggiungi come app web. Poi apri a better Disneyland Paris App dalla nuova icona.|Safari: Compartir → Añadir a pantalla de inicio → añadir como app web. Después abre a better Disneyland Paris App desde su nuevo icono.|Safari：分享→添加到主屏幕→添加为网页应用。然后通过新图标打开a better Disneyland Paris App。|Safari：共有→ホーム画面に追加→Webアプリとして追加。その後、新しいアイコンからa better Disneyland Paris Appを開いてください。|Safari: 공유 → 홈 화면에 추가 → 웹 앱으로 추가. 그다음 새 앱 아이콘으로 a better Disneyland Paris App를 열어주세요.|Safari: مشاركة ← إضافة إلى الشاشة الرئيسية ← إضافة كتطبيق ويب. ثم افتح a better Disneyland Paris App من الأيقونة الجديدة.
Im Browser-Menü „App installieren“ oder „Zum Startbildschirm hinzufügen“ wählen. Danach a better Disneyland Paris App über das App-Symbol öffnen.|Dans le menu du navigateur, choisissez Installer l’app ou Ajouter à l’écran d’accueil. Ouvrez ensuite a better Disneyland Paris App depuis son icône.|Nel menu del browser scegli Installa app o Aggiungi alla schermata Home. Poi apri a better Disneyland Paris App dall’icona.|En el menú del navegador elige Instalar app o Añadir a pantalla de inicio. Después abre a better Disneyland Paris App desde su icono.|在浏览器菜单中选择“安装应用”或“添加到主屏幕”，然后通过应用图标打开a better Disneyland Paris App。|ブラウザのメニューで「アプリをインストール」または「ホーム画面に追加」を選び、その後アプリのアイコンから開いてください。|브라우저 메뉴에서 앱 설치 또는 홈 화면에 추가를 선택하세요. 그다음 앱 아이콘으로 a better Disneyland Paris App를 열어주세요.|اختر تثبيت التطبيق أو إضافة إلى الشاشة الرئيسية من قائمة المتصفح. ثم افتح a better Disneyland Paris App من أيقونة التطبيق.
