Pause|Pause|Pausa|Pausa|休息|休憩|휴식|استراحة|Break
App-Navigation|Navigation de l’app|Navigazione dell’app|Navegación de la app|应用导航|アプリのナビゲーション|앱 탐색|التنقل في التطبيق|App navigation
Attraktionen entdecken|Découvrir les attractions|Scopri le attrazioni|Descubrir atracciones|探索游乐项目|アトラクションを探す|어트랙션 둘러보기|استكشاف الألعاب|Discover attractions
Attraktionen suchen|Rechercher des attractions|Cerca attrazioni|Buscar atracciones|搜索游乐项目|アトラクションを検索|어트랙션 검색|البحث عن الألعاب|Search attractions
Beide Parks ausgewählt|Les deux parcs sont sélectionnés|Sono selezionati entrambi i parchi|Ambos parques seleccionados|已选择两个园区|両パークを選択中|두 파크 선택됨|تم اختيار المنتزهين|Both parks selected
Danach: {0}|Ensuite : {0}|Poi: {0}|Después: {0}|之后：{0}|その次：{0}|그다음: {0}|بعد ذلك: {0}|Afterwards: {0}
Die Toilette wird entlang deiner Route mit möglichst wenig Umweg gewählt.|Les toilettes sont choisies sur ton itinéraire pour limiter le détour.|Scegliamo i servizi igienici lungo il percorso con la deviazione più breve possibile.|Elegimos los aseos en tu ruta para reducir el desvío al mínimo.|我们会选择沿途的卫生间，尽量减少绕路。|できるだけ遠回りせずに行ける、ルート沿いのトイレを選びます。|최대한 우회하지 않도록 경로상의 화장실을 선택합니다.|نختار دورة مياه على مسارك بأقل انحراف ممكن.|The restroom is chosen along your route with the smallest possible detour.
Die WC-Pause ist bereits als nächster Stopp eingeplant.|La pause toilettes est déjà prévue au prochain arrêt.|La pausa bagno è già la prossima tappa.|La parada para ir al baño ya es la siguiente.|下一站已安排卫生间休息。|次の立ち寄り先はすでにトイレ休憩です。|다음 정거장으로 화장실 휴식이 이미 예정되어 있습니다.|استراحة دورة المياه محددة بالفعل كمحطتك التالية.|The restroom break is already scheduled as the next stop.
Die WC-Pause ist bereits eingeplant.|Une pause toilettes est déjà prévue.|La pausa bagno è già prevista.|Ya hay una parada para ir al baño.|已安排卫生间休息。|トイレ休憩はすでに予定に入っています。|화장실 휴식이 이미 예정되어 있습니다.|استراحة دورة المياه مدرجة بالفعل.|The restroom break is already scheduled.
Dreidimensionale Parkkarte|Carte du parc en 3D|Mappa 3D del parco|Mapa del parque en 3D|园区3D地图|パークの3Dマップ|파크 3D 지도|خريطة المنتزه ثلاثية الأبعاد|Three-dimensional park map
Du bist bei deinem nächsten Ride. Check-in starten und deine Restwartezeit sehen?|Tu es près de ta prochaine attraction. Démarrer le suivi de la file pour voir le temps d’attente restant ?|Sei vicino alla prossima attrazione. Avviare il check-in per vedere l’attesa rimanente?|Estás junto a tu próxima atracción. ¿Iniciar el registro en la cola para ver la espera restante?|你已到达下一个游乐项目附近。开始排队签到，查看预计剩余等待时间？|次のアトラクションの近くにいます。チェックインして残りの待ち時間を確認しますか？|다음 어트랙션 근처입니다. 체크인하고 남은 대기 시간을 확인할까요?|أنت بالقرب من لعبتك التالية. هل تبدأ تسجيل الانتظار لعرض الوقت المتبقي؟|You're at your next ride. Start a check-in to see your remaining wait?
Du bist seit 5 Minuten in der Nähe. Stehst du an? Antippen, um den Wartezeit-Timer zu starten.|Tu es à proximité depuis 5 minutes. Tu fais la queue ? Appuie pour démarrer le chronomètre.|Sei nelle vicinanze da 5 minuti. Sei in coda? Tocca per avviare il timer.|Llevas 5 minutos cerca. ¿Estás en la cola? Toca para iniciar el cronómetro.|你已在附近停留5分钟。正在排队吗？点击开始计时。|近くに5分間滞在しています。並んでいますか？タップして待ち時間の計測を開始できます。|근처에 5분째 머무르고 있습니다. 줄 서고 있나요? 탭하여 대기 시간 측정을 시작하세요.|أنت في الجوار منذ 5 دقائق. هل تقف في الطابور؟ اضغط لبدء عداد الانتظار.|You've been nearby for 5 minutes. Are you queuing? Tap to start the wait timer.
Du bist seit fünf Minuten in der Nähe. Check-in starten und deine Restwartezeit sehen?|Tu es à proximité depuis cinq minutes. Démarrer le suivi de la file pour voir le temps restant ?|Sei nelle vicinanze da cinque minuti. Avviare il check-in per vedere l’attesa rimanente?|Llevas cinco minutos cerca. ¿Iniciar el registro para ver la espera restante?|你已在附近停留五分钟。开始排队签到，查看剩余等待时间？|近くに5分間滞在しています。チェックインして残りの待ち時間を確認しますか？|근처에 5분째 머무르고 있습니다. 체크인하고 남은 대기 시간을 확인할까요?|أنت في الجوار منذ خمس دقائق. هل تبدأ تسجيل الانتظار لعرض الوقت المتبقي؟|You've been nearby for five minutes. Start a check-in to see your remaining wait?
Entfernung jeweils ab dem vorherigen Stopp. Übersprungene Rides kommen später.|Chaque distance est calculée depuis l’arrêt précédent. Les attractions passées sont reportées à plus tard.|Ogni distanza parte dalla tappa precedente. Le attrazioni saltate vengono rimandate a dopo.|Cada distancia se mide desde la parada anterior. Las atracciones omitidas quedan para más tarde.|距离均从上一站计算。跳过的项目将安排在后面。|距離はそれぞれ前の立ち寄り先からの距離です。スキップしたアトラクションは後に回ります。|거리는 각 이전 정거장에서 계산합니다. 건너뛴 어트랙션은 나중으로 미룹니다.|تُحسب المسافة من المحطة السابقة. الألعاب المتجاوزة تؤجل إلى وقت لاحق.|Distance is measured from the previous stop. Skipped rides come later.
Immer der nächste Ride nach kürzestem Fußweg{0}|À chaque étape, l’attraction accessible par le trajet à pied le plus court{0}|A ogni tappa, l’attrazione con il percorso a piedi più breve{0}|En cada paso, la atracción con el recorrido a pie más corto{0}|每次选择步行路程最短的下一个项目{0}|毎回、徒歩ルートが最短のアトラクションを次に選びます{0}|매번 도보 경로가 가장 짧은 어트랙션을 다음으로 선택{0}|اختيار اللعبة التالية ذات أقصر مسار مشي في كل مرة{0}|Always the nearest ride by shortest walking route{0}
Interaktive Karte mit Rides, Standort und Route|Carte interactive avec attractions, position et itinéraire|Mappa interattiva con attrazioni, posizione e percorso|Mapa interactivo con atracciones, ubicación y ruta|显示游乐项目、位置和路线的互动地图|アトラクション、現在地、ルートを表示するインタラクティブマップ|어트랙션, 위치 및 경로를 표시하는 대화형 지도|خريطة تفاعلية للألعاب والموقع والمسار|Interactive map with rides, location and route
Karten & Hinweise|Cartes et informations|Mappe e informazioni|Mapas e información|地图与说明|地図とご案内|지도 및 안내|الخرائط والمعلومات|Maps & guidance
Nähe gilt für deinen letzten Parkbereich bis zu 15 Minuten.|Ta proximité reste valable dans ta dernière zone du parc pendant 15 minutes au maximum.|La vicinanza resta valida nell’ultima zona del parco per un massimo di 15 minuti.|Tu proximidad a la última zona del parque se considera válida durante un máximo de 15 minutos.|最近所在园区区域的附近信息最多保留15分钟。|最後にいたパーク内エリアの近隣情報は最大15分間有効です。|마지막 파크 구역에 대한 근처 정보는 최대 15분간 유효합니다.|تظل معلومات القرب من آخر منطقة لك في المنتزه صالحة لمدة أقصاها 15 دقيقة.|Proximity applies to your last park area for up to 15 minutes.
Parkzeiten: ThemeParks.wiki|Horaires du parc : ThemeParks.wiki|Orari del parco: ThemeParks.wiki|Horario del parque: ThemeParks.wiki|园区开放时间：ThemeParks.wiki|パークの営業時間：ThemeParks.wiki|파크 운영 시간: ThemeParks.wiki|ساعات المنتزه: ThemeParks.wiki|Park hours: ThemeParks.wiki
Reihenfolge nach Fußwegdistanz, Wartezeiten separat. Beim Parkwechsel braucht ihr Zugang zu beiden Parks.|L’ordre suit les distances à pied ; les temps d’attente sont indiqués séparément. Pour changer de parc, il faut un accès aux deux parcs.|L’ordine segue le distanze a piedi; le attese sono indicate a parte. Per cambiare parco serve l’accesso a entrambi.|El orden sigue la distancia a pie; las esperas se muestran aparte. Para cambiar de parque necesitáis acceso a ambos.|顺序按步行距离安排，排队时间单独显示。跨园游玩需要两个园区的入园资格。|順番は徒歩距離に基づき、待ち時間は別に表示します。パークを移動するには両パークへの入園資格が必要です。|순서는 도보 거리 기준이며 대기 시간은 별도로 표시합니다. 파크 간 이동에는 두 파크 모두의 입장 권한이 필요합니다.|الترتيب حسب مسافة المشي، وأوقات الانتظار معروضة بشكل منفصل. للانتقال بين المنتزهين تحتاجون إلى دخول كليهما.|Ordered by walking distance, with wait times shown separately. Switching parks requires admission to both parks.
Rides und Route|Attractions et itinéraire|Attrazioni e percorso|Atracciones y ruta|游乐项目与路线|アトラクションとルート|어트랙션 및 경로|الألعاب والمسار|Rides and route
Route als Playlist anzeigen|Afficher les étapes de l’itinéraire|Mostra le tappe del percorso|Mostrar las etapas de la ruta|查看路线行程|ルートの行程を表示|경로 일정 보기|عرض محطات المسار|Show route as a playlist
Show auf der Karte anzeigen|Afficher le spectacle sur la carte|Mostra lo spettacolo sulla mappa|Mostrar el espectáculo en el mapa|在地图上显示演出|ショーを地図に表示|지도에서 공연 보기|عرض العرض على الخريطة|Show on the map
Spielzeiten: ThemeParks.wiki|Horaires : ThemeParks.wiki|Orari degli spettacoli: ThemeParks.wiki|Horarios: ThemeParks.wiki|演出时间：ThemeParks.wiki|公演時間：ThemeParks.wiki|공연 시간: ThemeParks.wiki|مواعيد العروض: ThemeParks.wiki|Showtimes: ThemeParks.wiki
Standard-Favoriten wiederhergestellt. Besuchte Ziele bleiben abgehakt.|Les favoris par défaut sont rétablis. Les visites effectuées restent cochées.|Preferiti predefiniti ripristinati. Le mete già visitate restano segnate.|Favoritos predeterminados restaurados. Los destinos visitados siguen marcados.|已恢复默认收藏，已游玩的标记保留。|初期設定のお気に入りを復元しました。訪問済みの印はそのままです。|기본 즐겨찾기를 복원했습니다. 방문 완료 표시는 유지됩니다.|تمت استعادة المفضلة الافتراضية. تبقى علامات الأماكن التي زرتها.|Default favorites restored. Visited destinations remain checked off.
Statistik-Zeitraum|Période des statistiques|Periodo delle statistiche|Periodo de las estadísticas|统计时间范围|統計の期間|통계 기간|فترة الإحصاءات|Statistics period
Tage|Jours|Giorni|Días|天|日|일|أيام|Days
Ungültige Wartezeiten|Temps d’attente non valides|Tempi di attesa non validi|Tiempos de espera no válidos|无效等待时间|無効な待ち時間|유효하지 않은 대기 시간|أوقات انتظار غير صالحة|Invalid wait times
Visit next: {0}|Visiter ensuite : {0}|Visita come prossima tappa: {0}|Visitar a continuación: {0}|下一站：{0}|次に訪問：{0}|다음 방문: {0}|الزيارة التالية: {0}|Visit next: {0}
Vorstellung um {0} Uhr{1}{2}|Séance à {0}{1}{2}|Spettacolo alle {0}{1}{2}|Función a las {0}{1}{2}|演出时间：{0}{1}{2}|公演は{0}{1}{2}|공연 시간: {0}{1}{2}|العرض الساعة {0}{1}{2}|Performance at {0}{1}{2}
WC-Pause auf dem Weg zu {0}|Pause toilettes en route vers {0}|Pausa bagno lungo il percorso verso {0}|Parada para ir al baño de camino a {0}|前往{0}途中安排卫生间休息|{0}に向かう途中でトイレ休憩|{0} 가는 길에 화장실 휴식|استراحة دورة المياه في الطريق إلى {0}|Restroom break on the way to {0}
WC-Pause eingeplant|Pause toilettes ajoutée|Pausa bagno aggiunta|Parada para ir al baño añadida|已安排卫生间休息|トイレ休憩を追加しました|화장실 휴식 추가됨|تمت إضافة استراحة دورة مياه|Restroom break scheduled
WC-Pause entfernt.|Pause toilettes retirée.|Pausa bagno rimossa.|Parada para ir al baño eliminada.|已移除卫生间休息。|トイレ休憩を削除しました。|화장실 휴식을 삭제했습니다.|تم حذف استراحة دورة المياه.|Restroom break removed.
Wartezeiten teilweise veraltet{0}|Certains temps d’attente ne sont plus à jour{0}|Alcuni tempi di attesa non sono aggiornati{0}|Algunos tiempos de espera no están actualizados{0}|部分等待时间已过时{0}|一部の待ち時間は最新ではありません{0}|일부 대기 시간이 최신 정보가 아닙니다{0}|بعض أوقات الانتظار غير محدثة{0}|Wait times partly outdated{0}
Wähle die Rides aus, die ihr besuchen möchtet.|Choisis les attractions que vous souhaitez faire.|Scegli le attrazioni che volete visitare.|Elige las atracciones que queréis visitar.|请选择想体验的游乐项目。|体験したいアトラクションを選んでください。|방문할 어트랙션을 선택하세요.|اختر الألعاب التي ترغبون في زيارتها.|Choose the rides you want to visit.
Zielinfos öffnen|Ouvrir les informations du lieu|Apri le informazioni della meta|Abrir información del destino|打开目的地信息|目的地の情報を開く|목적지 정보 열기|فتح معلومات الوجهة|Open destination information
Zielkarte minimieren|Réduire la fiche du lieu|Riduci la scheda della meta|Minimizar la ficha del destino|收起目的地卡片|目的地のカードを最小化|목적지 카드 최소화|تصغير بطاقة الوجهة|Minimize destination card
Zugang ungefähr, Beschilderung vor Ort folgen.|Accès approximatif : suis la signalisation sur place.|Accesso approssimativo: segui la segnaletica sul posto.|Acceso aproximado: sigue las señales del parque.|入口位置为估计，请遵循现场指示牌。|入口の位置は目安です。現地の案内表示に従ってください。|입구 위치는 대략적입니다. 현장 표지판을 따라주세요.|موقع المدخل تقريبي، اتبع اللوحات في المكان.|Approximate entrance; follow signs on site.
Zurück zu Internal Tools|Retour à Internal Tools|Torna a Internal Tools|Volver a Internal Tools|返回Internal Tools|Internal Toolsに戻る|Internal Tools로 돌아가기|العودة إلى Internal Tools|Back to Internal Tools
ca. {0} Min.{1}{2}|env. {0} min{1}{2}|circa {0} min{1}{2}|aprox. {0} min{1}{2}|约{0}分钟{1}{2}|約{0}分{1}{2}|약 {0}분{1}{2}|حوالي {0} دقيقة{1}{2}|approx. {0} min{1}{2}
da sein|être sur place|essere sul posto|estar allí|到场|現地に到着|도착|الوصول|arrive by
danach der nächstgelegene Ride.|puis l’attraction la plus proche.|poi l’attrazione più vicina.|después, la atracción más cercana.|之后选择最近的项目。|その後は最寄りのアトラクション。|그다음 가장 가까운 어트랙션.|ثم اللعبة الأقرب.|then the nearest ride.
erfasste Wartezeit|temps d’attente enregistré|tempo di attesa registrato|tiempo de espera registrado|记录的等待时间|記録された待ち時間|기록된 대기 시간|وقت انتظار مسجل|recorded wait time
erfasste Wartezeiten|temps d’attente enregistrés|tempi di attesa registrati|tiempos de espera registrados|记录的等待时间|記録された待ち時間|기록된 대기 시간|أوقات انتظار مسجلة|recorded wait times
nach Entfernung, Bewertung oder Name sortieren. Mit ♥ zur Favoritenliste hinzufügen.|trier par distance, note ou nom. Appuie sur ♥ pour ajouter aux favoris.|ordina per distanza, valutazione o nome. Tocca ♥ per aggiungere ai preferiti.|ordena por distancia, valoración o nombre. Toca ♥ para añadir a favoritos.|可按距离、评分或名称排序，点击♥加入收藏。|距離、評価、名前で並べ替えできます。♥でお気に入りに追加。|거리, 평점 또는 이름순으로 정렬하세요. ♥로 즐겨찾기에 추가하세요.|رتب حسب المسافة أو التقييم أو الاسم. اضغط ♥ للإضافة إلى المفضلة.|sort by distance, rating or name. Add to your favorites with ♥.
unbesuchte Favoriten|favoris pas encore visités|preferiti non ancora visitati|favoritos aún no visitados|尚未游玩的收藏|未訪問のお気に入り|아직 방문하지 않은 즐겨찾기|مفضلة لم تزرها بعد|unvisited favorites
App-Infos|Informations sur l’app|Informazioni sull’app|Información de la app|应用信息|アプリ情報|앱 정보|معلومات التطبيق|About the app
Top Rides|Meilleures attractions|Migliori attrazioni|Mejores atracciones|热门游乐项目|人気のアトラクション|인기 어트랙션|أفضل الألعاب|Top rides
Vorab gespeichert|Préchargé|Salvato in anticipo|Guardado previamente|已预存|事前に保存済み|미리 저장됨|محفوظ مسبقًا|Saved in advance
Show beginnt bald|Un spectacle commence bientôt|Uno spettacolo sta per iniziare|Un espectáculo empieza pronto|演出即将开始|まもなくショーが始まります|공연이 곧 시작됩니다|عرض سيبدأ قريبًا|Show starting soon
Ungewöhnlich kurze Schlange|Une file d’attente particulièrement courte|Una coda insolitamente breve|Una cola excepcionalmente corta|排队时间特别短|いつもよりかなり短い待ち時間|평소보다 훨씬 짧은 대기 줄|طابور قصير بشكل غير معتاد|Unusually short queue
{0} Min. Fußweg ab deinem letzten Parkbereich|{0} min à pied depuis ta dernière zone du parc|{0} min a piedi dall’ultima zona del parco|{0} min a pie desde tu última zona del parque|从最近所在园区区域步行{0}分钟|最後にいたパーク内エリアから徒歩{0}分|마지막 파크 구역에서 도보 {0}분|{0} دقيقة مشيًا من آخر منطقة لك في المنتزه|{0} min walk from your last park area
{0} Min. statt meist {1} Min.|{0} min au lieu de {1} min habituellement|{0} min invece dei soliti {1} min|{0} min en lugar de los {1} min habituales|{0}分钟，通常为{1}分钟|通常{1}分のところ{0}分|평소 {1}분 대신 {0}분|{0} دقيقة بدلًا من {1} دقيقة عادةً|{0} min instead of the usual {1} min
möchtest du wechseln?|Envie de changer de destination ?|Vuoi cambiare meta?|¿Quieres cambiar de destino?|想换个目的地吗？|目的地を変更しますか？|목적지를 바꿀까요?|هل ترغب في تغيير الوجهة؟|would you like to switch?
Build {0} ist bereit. Öffne Info, um das Update zu installieren.|La version {0} est prête. Ouvre Infos pour installer la mise à jour.|La versione {0} è pronta. Apri Info per installare l’aggiornamento.|La versión {0} está lista. Abre Información para instalar la actualización.|版本{0}已就绪。打开“信息”安装更新。|バージョン{0}を利用できます。「情報」を開いてアップデートしてください。|버전 {0}이 준비되었습니다. 정보를 열어 업데이트를 설치하세요.|الإصدار {0} جاهز. افتح المعلومات لتثبيت التحديث.|Build {0} is ready. Open Info to install the update.
Push ist bereit|Les notifications sont prêtes|Le notifiche sono pronte|Las notificaciones están listas|推送通知已就绪|通知の準備ができました|푸시 알림 준비 완료|الإشعارات جاهزة|Push is ready
Shows und kurze Wartezeiten können dich jetzt auch bei geschlossener App erreichen.|Tu peux maintenant recevoir les rappels de spectacles et les alertes de faible attente même quand l’app est fermée.|Ora puoi ricevere avvisi su spettacoli e attese brevi anche quando l’app è chiusa.|Ya puedes recibir avisos de espectáculos y esperas cortas incluso con la app cerrada.|即使关闭应用，你也可以收到演出和短等待时间的提醒。|アプリを閉じていても、ショーや短い待ち時間の通知を受け取れるようになりました。|이제 앱을 닫아도 공연 및 짧은 대기 시간 알림을 받을 수 있습니다.|يمكنك الآن تلقي تنبيهات العروض وأوقات الانتظار القصيرة حتى عند إغلاق التطبيق.|Show alerts and short waits can now reach you even when the app is closed.
Neuer Hinweis|Nouvelle alerte|Nuovo avviso|Nuevo aviso|新提醒|新しいお知らせ|새 알림|تنبيه جديد|New alert
In Disney gibt es einen neuen Hinweis.|Une nouvelle alerte est disponible dans Disney.|C’è un nuovo avviso in Disney.|Hay un nuevo aviso en Disney.|Disney中有一条新提醒。|Disneyに新しいお知らせがあります。|Disney에 새 알림이 있습니다.|هناك تنبيه جديد في Disney.|There's a new alert at Disney.
Verbindung nötig|Connexion nécessaire|Connessione necessaria|Se necesita conexión|需要网络连接|接続が必要です|연결 필요|الاتصال مطلوب|Connection required
Du bist offline|Tu es hors ligne|Sei offline|Estás sin conexión|当前离线|オフラインです|오프라인 상태입니다|أنت غير متصل|You're offline
Zum sicheren Öffnen der Disney-App brauchen wir eine Verbindung und deine weletapi-Anmeldung. Eine bereits geöffnete Route funktioniert auch ohne Netz.|Pour ouvrir Disney en toute sécurité, une connexion et ton identification weletapi sont nécessaires. Un itinéraire déjà ouvert reste utilisable hors ligne.|Per aprire Disney in sicurezza servono una connessione e l’accesso a weletapi. Un percorso già aperto funziona anche offline.|Para abrir Disney de forma segura necesitas conexión e iniciar sesión en weletapi. Una ruta ya abierta funciona sin conexión.|安全打开Disney应用需要网络连接及weletapi登录。已打开的路线仍可离线使用。|Disneyアプリを安全に開くには、接続とweletapiへのログインが必要です。すでに開いているルートはオフラインでも利用できます。|Disney 앱을 안전하게 열려면 연결과 weletapi 로그인이 필요합니다. 이미 열려 있는 경로는 오프라인에서도 사용할 수 있습니다.|لفتح تطبيق Disney بأمان نحتاج إلى اتصال وتسجيل دخولك إلى weletapi. المسار المفتوح مسبقًا يعمل دون اتصال.|To securely open the Disney app, we need a connection and your weletapi login. An already open route also works offline.
Amerikanische Küche|Cuisine américaine|Cucina americana|Cocina americana|美式料理|アメリカ料理|미국 요리|مأكولات أمريكية|American cuisine
Französische Küche|Cuisine française|Cucina francese|Cocina francesa|法式料理|フランス料理|프랑스 요리|مأكولات فرنسية|French cuisine
Italienische Küche|Cuisine italienne|Cucina italiana|Cocina italiana|意式料理|イタリア料理|이탈리아 요리|مأكولات إيطالية|Italian cuisine
Asiatische Küche|Cuisine asiatique|Cucina asiatica|Cocina asiática|亚洲料理|アジア料理|아시아 요리|مأكولات آسيوية|Asian cuisine
Orientalische Küche|Cuisine du Moyen-Orient|Cucina mediorientale|Cocina de Oriente Medio|中东料理|中東料理|중동 요리|مأكولات شرق أوسطية|Middle Eastern cuisine
Deutsche Küche|Cuisine allemande|Cucina tedesca|Cocina alemana|德式料理|ドイツ料理|독일 요리|مأكولات ألمانية|German cuisine
Hähnchen|Poulet|Pollo|Pollo|鸡肉|チキン|닭고기|دجاج|Chicken
Karibische Küche|Cuisine caribéenne|Cucina caraibica|Cocina caribeña|加勒比料理|カリブ料理|카리브 요리|مأكولات كاريبية|Caribbean cuisine
Indische Küche|Cuisine indienne|Cucina indiana|Cocina india|印度料理|インド料理|인도 요리|مأكولات هندية|Indian cuisine
Waffeln|Gaufres|Waffle|Gofres|华夫饼|ワッフル|와플|وافل|Waffles
Mexikanische Küche|Cuisine mexicaine|Cucina messicana|Cocina mexicana|墨西哥料理|メキシコ料理|멕시코 요리|مأكولات مكسيكية|Mexican cuisine
Afrikanische Küche|Cuisine africaine|Cucina africana|Cocina africana|非洲料理|アフリカ料理|아프리카 요리|مأكولات أفريقية|African cuisine
Grillgerichte|Grillades|Piatti alla griglia|Platos a la parrilla|烧烤|グリル料理|그릴 요리|مشويات|Grilled dishes
Fisch|Poisson|Pesce|Pescado|鱼类|魚料理|생선|سمك|Fish
Hotdogs|Hot-dogs|Hot dog|Perritos calientes|热狗|ホットドッグ|핫도그|هوت دوغ|Hot dogs
Kaffee|Café|Caffè|Café|咖啡|コーヒー|커피|قهوة|Coffee
Sandwiches|Sandwichs|Panini|Sándwiches|三明治|サンドイッチ|샌드위치|شطائر|Sandwiches
Pizza|Pizza|Pizza|Pizza|披萨|ピザ|피자|بيتزا|Pizza
Pasta|Pâtes|Pasta|Pasta|意面|パスタ|파스타|معكرونة|Pasta
Disney: {0}|Disney : {0}|Disney: {0}|Disney: {0}|迪士尼：{0}|ディズニー：{0}|디즈니: {0}|ديزني: {0}|Disney: {0}
{0} Ziele|{0} destinations|{0} destinazioni|{0} destinos|{0}个地点|行き先{0}件|목적지 {0}개|{0} وجهة|{0} destinations
{0} Ziel|{0} destination|{0} destinazione|{0} destino|{0}个地点|行き先{0}件|목적지 {0}개|{0} وجهة|{0} destination
{0} Favoriten|{0} favoris|{0} preferiti|{0} favoritos|{0}个收藏|お気に入り{0}件|즐겨찾기 {0}개|{0} مفضلة|{0} favorites
{0} unbesuchte Favoriten|{0} favoris pas encore visités|{0} preferiti non ancora visitati|{0} favoritos aún no visitados|{0}个尚未游玩的收藏|未訪問のお気に入り{0}件|미방문 즐겨찾기 {0}개|{0} مفضلة لم تزرها بعد|{0} unvisited favorites
{0} Restaurants|{0} restaurants|{0} ristoranti|{0} restaurantes|{0}家餐厅|レストラン{0}件|레스토랑 {0}개|{0} مطعم|{0} restaurants
{0} Restaurant|{0} restaurant|{0} ristorante|{0} restaurante|{0}家餐厅|レストラン{0}件|레스토랑 {0}개|{0} مطعم|{0} restaurant
Entfernungen ab {0}|Distances depuis {0}|Distanze da {0}|Distancias desde {0}|从{0}计算的距离|{0}からの距離|{0} 기준 거리|المسافات من {0}|Distances from {0}
{0} Uhr (Paris)|{0} (heure de Paris)|{0} (ora di Parigi)|{0} (hora de París)|{0}（巴黎时间）|{0}（パリ時間）|{0} (파리 시간)|{0} (بتوقيت باريس)|{0} (Paris time)
ca. {0}|env. {0}|circa {0}|aprox. {0}|约{0}|約{0}|약 {0}|حوالي {0}|approx. {0}
Zoom in|Zoom avant|Ingrandisci|Acercar|放大|拡大|확대|تكبير|Zoom in
Zoom out|Zoom arrière|Riduci|Alejar|缩小|縮小|축소|تصغير|Zoom out
Aktualisiert {0} Uhr (Paris)|Mis à jour à {0} (heure de Paris)|Aggiornato alle {0} (ora di Parigi)|Actualizado a las {0} (hora de París)|更新于{0}（巴黎时间）|{0}更新（パリ時間）|{0} 업데이트 (파리 시간)|تم التحديث الساعة {0} (بتوقيت باريس)|Updated {0} (Paris time)
Aktualisiert {0}|Mis à jour : {0}|Aggiornato: {0}|Actualizado: {0}|更新于{0}|更新：{0}|업데이트: {0}|تم التحديث: {0}|Updated {0}
Parade|Parade|Parata|Desfile|巡游|パレード|퍼레이드|استعراض|Parade
Restaurants|Restaurants|Ristoranti|Restaurantes|餐厅|レストラン|레스토랑|المطاعم|Restaurants
Normale Warteschlange|File classique|Coda normale|Cola normal|普通队列|通常の列|일반 대기 줄|الطابور العادي|Regular queue
Die App ist jetzt auf Deutsch, Französisch, Italienisch, Spanisch, Chinesisch, Japanisch, Koreanisch und Arabisch verfügbar.|L’app est désormais disponible en allemand, français, italien, espagnol, chinois, japonais, coréen et arabe.|L’app è ora disponibile in tedesco, francese, italiano, spagnolo, cinese, giapponese, coreano e arabo.|La app ya está disponible en alemán, francés, italiano, español, chino, japonés, coreano y árabe.|应用现支持德语、法语、意大利语、西班牙语、中文、日语、韩语和阿拉伯语。|ドイツ語、フランス語、イタリア語、スペイン語、中国語、日本語、韓国語、アラビア語に対応しました。|이제 독일어, 프랑스어, 이탈리아어, 스페인어, 중국어, 일본어, 한국어 및 아랍어를 지원합니다.|يتوفر التطبيق الآن بالألمانية والفرنسية والإيطالية والإسبانية والصينية واليابانية والكورية والعربية.|The app is now available in German, French, Italian, Spanish, Chinese, Japanese, Korean and Arabic.
Sprache beim Einrichten oder unter Info auswählen. Die Auswahl bleibt gespeichert und gilt auch für Benachrichtigungen.|Choisis la langue pendant la configuration ou dans Infos. Elle est enregistrée et s’applique aussi aux notifications.|Scegli la lingua durante la configurazione o in Info. La scelta viene salvata e vale anche per le notifiche.|Elige el idioma durante la configuración o en Información. La selección se guarda y también se usa en las notificaciones.|可在初次设置或“信息”中选择语言。选择会保留，并用于通知。|初期設定または「情報」で言語を選べます。選択は保存され、通知にも適用されます。|초기 설정 또는 정보에서 언어를 선택하세요. 선택은 저장되며 알림에도 적용됩니다.|اختر اللغة أثناء الإعداد أو في المعلومات. يُحفظ اختيارك ويُستخدم أيضًا للإشعارات.|Choose your language during setup or under Info. Your selection is saved and also applies to notifications.
Offizielle Disney-Namen, Suche in mehreren Sprachen und arabische Ansicht von rechts nach links.|Noms officiels Disney, recherche multilingue et interface arabe de droite à gauche.|Nomi ufficiali Disney, ricerca multilingue e interfaccia araba da destra a sinistra.|Nombres oficiales de Disney, búsqueda multilingüe e interfaz árabe de derecha a izquierda.|采用Disney官方名称，支持多语言搜索及阿拉伯语从右到左布局。|Disney公式名称、多言語検索、アラビア語の右から左の表示に対応。|Disney 공식 이름, 다국어 검색 및 아랍어 오른쪽에서 왼쪽 레이아웃을 지원합니다.|أسماء Disney الرسمية، والبحث بعدة لغات، وواجهة عربية من اليمين إلى اليسار.|Official Disney names, multilingual search and a right-to-left Arabic layout.
DEIN TAG IM PARK|Ta journée au Parc|La tua giornata al parco|Tu día en el parque|你的园区之旅|パークでの一日|파크에서의 하루|يومك في المنتزه|YOUR DAY AT THE PARK
KURZE SCHLANGE|File d’attente courte|Coda breve|Cola corta|排队时间短|短い待ち時間|짧은 대기 줄|طابور قصير|SHORT QUEUE
WILLST DU WECHSELN?|Changer de destination ?|Vuoi cambiare meta?|¿Quieres cambiar de destino?|想换个目的地吗？|目的地を変更しますか？|목적지를 바꿀까요?|هل ترغب في تغيير الوجهة؟|WANT TO SWITCH?
OpenStreetMap-Mitwirkende|Contributeurs OpenStreetMap|Collaboratori OpenStreetMap|Colaboradores de OpenStreetMap|OpenStreetMap贡献者|OpenStreetMap貢献者|OpenStreetMap 기여자|المساهمون في OpenStreetMap|OpenStreetMap contributors
Powered by Queue-Times.com|Données de Queue-Times.com|Dati di Queue-Times.com|Datos de Queue-Times.com|数据来自Queue-Times.com|Queue-Times.com提供|Queue-Times.com 제공|بيانات من Queue-Times.com|Powered by Queue-Times.com
übersprungene Rides zum Schluss|attractions passées en dernier|attrazioni saltate alla fine|atracciones omitidas al final|跳过的项目安排在最后|スキップしたアトラクションは最後に|건너뛴 어트랙션은 마지막에|الألعاب المتجاوزة في النهاية|skipped rides last
trotz fehlender Verfügbarkeit|malgré une disponibilité non confirmée|anche se la disponibilità non è confermata|aunque la disponibilidad no esté confirmada|尽管可用情况未确认|利用できるか未確認のまま|이용 가능 여부가 확인되지 않았지만|رغم عدم تأكيد الإتاحة|despite being unavailable
Beginn vor|Début il y a|Iniziato da|Empezó hace|开始于|開始から|시작 후|بدأ منذ|Started
März 2026|Mars 2026|Marzo 2026|Marzo de 2026|2026年3月|2026年3月|2026년 3월|مارس 2026|March 2026
Ride-Favoriten, kurze Wege und Live-Navigation in Disneyland Paris.|Vos attractions favorites, des trajets courts et un guidage en direct à Disneyland Paris.|Le tue attrazioni preferite, percorsi brevi e navigazione live a Disneyland Paris.|Tus atracciones favoritas, recorridos cortos y navegación en vivo en Disneyland Paris.|收藏游乐项目、规划短路线，在Disneyland Paris实时导航。|Disneyland Parisでお気に入りのアトラクション、短いルート、ライブナビゲーション。|Disneyland Paris에서 즐겨찾는 어트랙션, 짧은 경로 및 실시간 내비게이션.|ألعابك المفضلة ومسارات قصيرة وملاحة مباشرة في Disneyland Paris.|Ride favorites, short walks and live navigation at Disneyland Paris.
Deine Ride-Favoriten. Ein kurzer Weg durch Disneyland Paris.|Vos attractions favorites. Un trajet court à travers Disneyland Paris.|Le tue attrazioni preferite. Un percorso breve a Disneyland Paris.|Tus atracciones favoritas. Un recorrido corto por Disneyland Paris.|收藏喜欢的游乐项目，规划Disneyland Paris短路线。|お気に入りのアトラクション。Disneyland Parisで短いルートを。|즐겨찾는 어트랙션. Disneyland Paris의 짧은 경로.|ألعابك المفضلة. مسار قصير عبر Disneyland Paris.|Your favorite rides. A short route through Disneyland Paris.
Offizielle Disney-Parkkarte|Plan officiel Disney du Parc|Mappa ufficiale Disney del parco|Plano oficial Disney del parque|Disney官方园区地图|Disney公式パークマップ|Disney 공식 파크 지도|خريطة المنتزه الرسمية من Disney|Official Disney park map
z. B. {0}|par ex. {0}|ad es. {0}|p. ej. {0}|例如{0}|例：{0}|예: {0}|مثل {0}|e.g. {0}
Quelle & Stand: {0}|Source et date : {0}|Fonte e data: {0}|Fuente y fecha: {0}|来源与日期：{0}|出典とデータ日：{0}|출처 및 기준일: {0}|المصدر والتاريخ: {0}|Source & date: {0}
Keine Rides ausgewählt|Aucune attraction sélectionnée|Nessuna attrazione selezionata|No hay atracciones seleccionadas|未选择游乐项目|アトラクション未選択|선택한 어트랙션 없음|لم تختر أي لعبة|No rides selected
Route nicht verfügbar|Itinéraire indisponible|Percorso non disponibile|Ruta no disponible|路线不可用|ルートを利用できません|경로를 사용할 수 없습니다|المسار غير متاح|Route unavailable
Statistik momentan nicht verfügbar|Statistiques indisponibles pour le moment|Statistiche al momento non disponibili|Estadísticas no disponibles por ahora|统计暂不可用|現在、統計を利用できません|현재 통계를 사용할 수 없습니다|الإحصاءات غير متاحة حاليًا|Statistics currently unavailable
Ziel nicht gefunden|Destination introuvable|Meta non trovata|Destino no encontrado|未找到目的地|目的地が見つかりません|목적지를 찾을 수 없습니다|لم يتم العثور على الوجهة|Destination not found
ab {0}|depuis {0}|da {0}|desde {0}|从{0}出发|{0}から|{0}에서|من {0}|from {0}
{0} ab {1}|{0} depuis {1}|{0} da {1}|{0} desde {1}|从{1}出发：{0}|{1}から{0}|{1}에서 {0}|{0} من {1}|{0} from {1}
Services|Services|Servizi|Servicios|服务|サービス|서비스|الخدمات|Services
Bereich|Zone|Area|Zona|区域|エリア|구역|المنطقة|Area
Erlebnis|Expérience|Esperienza|Experiencia|体验|体験|체험|التجربة|Experience
Begleitung|Accompagnement|Accompagnamento|Acompañamiento|陪同|付き添い|동반|المرافقة|Accompanying person
Reservierung|Réservation|Prenotazione|Reserva|预约|予約|예약|الحجز|Reservation
Küche|Cuisine|Cucina|Cocina|菜系|料理|요리|نوع المأكولات|Cuisine
Toilette|Toilettes|Servizi igienici|Aseos|卫生间|トイレ|화장실|دورة مياه|Restroom
Trinkwasserstelle|Point d’eau potable|Punto di acqua potabile|Fuente de agua potable|饮水点|給水所|식수대|نقطة مياه الشرب|Drinking water fountain
Achterbahn|Montagnes russes|Montagne russe|Montaña rusa|过山车|ジェットコースター|롤러코스터|أفعوانية|Roller coaster
Einblenden|Afficher|Mostra|Mostrar|显示|表示|표시|إظهار|Show
Favorit|Favori|Preferito|Favorito|收藏|お気に入り|즐겨찾기|مفضلة|Favorite
Dein Standort|Ta position|La tua posizione|Tu ubicación|你的位置|現在地|내 위치|موقعك|Your location
Live-Standort|Position en direct|Posizione in tempo reale|Ubicación en directo|实时位置|現在地|실시간 위치|الموقع المباشر|Live location
Ziel|Destination|Meta|Destino|目的地|行き先|목적지|الوجهة|Destination
Ziele|Destinations|Mete|Destinos|目的地|行き先|목적지|الوجهات|Destinations
Kids|Enfants|Bambini|Niños|儿童|子ども|어린이|الأطفال|Kids
Adults|Adultes|Adulti|Adultos|成人|大人|성인|البالغون|Adults
Preschoolers|Tout-petits|Bambini piccoli|Niños pequeños|幼儿|幼児|유아|الأطفال الصغار|Preschoolers
Tweens|Préadolescents|Preadolescenti|Preadolescentes|较大的儿童|小学校高学年|초등 고학년|الأطفال الأكبر سنًا|Tweens
Teens|Adolescents|Adolescenti|Adolescentes|青少年|ティーン|청소년|المراهقون|Teens
Maximum|Maximum|Massimo|Máximo|最大值|最大|최대|الحد الأقصى|Maximum
Bist du sicher, dass du trotzdem dorthin navigieren möchtest?|Veux-tu vraiment t’y rendre malgré tout ?|Vuoi davvero andare lì comunque?|¿Seguro que quieres ir allí de todas formas?|确定仍要前往那里吗？|それでもこの場所へのナビゲーションを開始しますか？|그래도 이곳으로 이동할까요?|هل أنت متأكد أنك تريد الذهاب إلى هناك رغم ذلك؟|Are you sure you still want to navigate there?
Gleichmäßige Abstände zwischen den Containern in Info und Einstellungen.|Espacement uniforme entre les sections dans Infos et les réglages.|Spazi uniformi tra le sezioni in Info e nelle impostazioni.|Espaciado uniforme entre las secciones de Información y ajustes.|信息与设置中各区块的间距统一。|情報と設定の各セクションの間隔を統一しました。|정보와 설정의 각 섹션 간격을 통일했습니다.|مسافات موحدة بين الأقسام في المعلومات والإعدادات.|Even spacing between containers in Info and Settings.
