Für Nähe-Hinweise teilt die App Ziele im letzten Parkbereich und offene Favoriten mit weletapi. GPS-Koordinaten und Angaben zum jüngsten Kind bleiben im Browser. Nähe gilt bis zu 15 Minuten nach dem letzten Standort.|Pour les alertes à proximité, l’app partage avec weletapi les lieux de ta dernière zone du parc et les favoris non visités. Les coordonnées GPS et les informations sur le plus jeune enfant restent dans le navigateur. La proximité reste valable jusqu’à 15 minutes après la dernière position.|Per gli avvisi nelle vicinanze, l’app condivide con weletapi le mete dell’ultima zona del parco e i preferiti non ancora visitati. Coordinate GPS e dati del figlio più piccolo restano nel browser. La vicinanza è valida fino a 15 minuti dall’ultima posizione.|Para los avisos cercanos, la app comparte con weletapi los destinos de tu última zona del parque y los favoritos pendientes. Las coordenadas GPS y los datos del niño más pequeño se quedan en el navegador. La proximidad es válida hasta 15 minutos después de la última ubicación.|附近提醒会向weletapi分享你最近所在园区区域的目的地及尚未游玩的收藏。GPS坐标及最小孩子的信息仅保留在浏览器中。附近信息在最后一次定位后最多有效15分钟。|近くのお知らせのため、最後にいたパーク内エリアの目的地と未訪問のお気に入りをweletapiに共有します。GPS座標と最年少のお子様の情報はブラウザ内に保存されます。近隣情報は最後の位置情報から最大15分間有効です。|근처 알림을 위해 마지막 파크 구역의 목적지와 미방문 즐겨찾기를 weletapi에 공유합니다. GPS 좌표와 가장 어린 자녀의 정보는 브라우저에만 저장됩니다. 근처 정보는 마지막 위치 확인 후 최대 15분간 유효합니다.|للتنبيهات القريبة يشارك التطبيق مع weletapi وجهات آخر منطقة لك في المنتزه والمفضلة التي لم تزرها. تبقى إحداثيات GPS وبيانات أصغر طفل في المتصفح. معلومات القرب صالحة حتى 15 دقيقة بعد آخر موقع.|For nearby alerts, the app shares destinations in your last park area and unvisited favorites with weletapi. GPS coordinates and details about your youngest child stay in your browser. Proximity applies for up to 15 minutes after the last location update.
Für Nähe-Hinweise teilen wir offene Favoriten und Ziele im letzten Parkbereich mit weletapi. Keine GPS-Koordinaten. Nähe gilt bis zu 15 Minuten. iPhone: zuerst zum Home-Bildschirm hinzufügen.|Pour les alertes à proximité, les favoris non visités et les lieux de ta dernière zone du parc sont partagés avec weletapi. Aucune coordonnée GPS. La proximité est valable jusqu’à 15 minutes. Sur iPhone, ajoute d’abord l’app à l’écran d’accueil.|Per gli avvisi nelle vicinanze condividiamo con weletapi i preferiti non visitati e le mete dell’ultima zona del parco. Nessuna coordinata GPS. La vicinanza è valida fino a 15 minuti. Su iPhone aggiungi prima l’app alla schermata Home.|Para los avisos cercanos compartimos con weletapi los favoritos pendientes y los destinos de la última zona del parque. Sin coordenadas GPS. La proximidad es válida hasta 15 minutos. En iPhone, añade primero la app a la pantalla de inicio.|附近提醒会向weletapi分享尚未游玩的收藏及最近所在园区区域的目的地，不分享GPS坐标。附近信息最多有效15分钟。iPhone请先将应用添加到主屏幕。|近くのお知らせのため、未訪問のお気に入りと最後にいたパーク内エリアの目的地をweletapiに共有します。GPS座標は共有しません。近隣情報は最大15分間有効です。iPhoneでは先にホーム画面に追加してください。|근처 알림을 위해 미방문 즐겨찾기와 마지막 파크 구역의 목적지를 weletapi에 공유합니다. GPS 좌표는 공유하지 않습니다. 근처 정보는 최대 15분간 유효합니다. iPhone에서는 먼저 홈 화면에 추가하세요.|للتنبيهات القريبة نشارك مع weletapi المفضلة غير المزارة ووجهات آخر منطقة لك في المنتزه. دون إحداثيات GPS. معلومات القرب صالحة حتى 15 دقيقة. على iPhone أضف التطبيق أولًا إلى الشاشة الرئيسية.|For nearby alerts, we share unvisited favorites and destinations in your last park area with weletapi. No GPS coordinates. Proximity applies for up to 15 minutes. iPhone: add to your Home Screen first.
GPS-Koordinaten und Angaben zum jüngsten Kind bleiben auf diesem Gerät. Bei aktiviertem Push werden offene Favoriten und Ziele im letzten Parkbereich an weletapi übertragen. GPS und Richtung funktionieren bei geöffneter App. Zum Öffnen der App wird eine Verbindung benötigt. Eine bereits geöffnete Route funktioniert auch ohne Netz.|Les coordonnées GPS et les informations sur le plus jeune enfant restent sur cet appareil. Si les notifications sont activées, les favoris non visités et les lieux de la dernière zone du parc sont transmis à weletapi. Le GPS et l’orientation fonctionnent lorsque l’app est ouverte. Une connexion est nécessaire pour ouvrir l’application. Un itinéraire déjà ouvert reste utilisable hors ligne.|Coordinate GPS e dati del figlio più piccolo restano su questo dispositivo. Con le notifiche attive, i preferiti non visitati e le mete dell’ultima zona del parco vengono inviati a weletapi. GPS e orientamento funzionano con l’app aperta. Per aprire l’app serve una connessione. Un percorso già aperto funziona anche senza rete.|Las coordenadas GPS y los datos del niño más pequeño permanecen en este dispositivo. Al activar las notificaciones, se envían a weletapi los favoritos pendientes y los destinos de la última zona del parque. GPS y orientación funcionan con la app abierta. Se necesita conexión para abrir la app. Una ruta ya abierta funciona también sin conexión.|GPS坐标及最小孩子的信息保留在本设备。开启推送后，尚未游玩的收藏及最近所在园区区域的目的地会发送至weletapi。GPS和方向功能仅在应用打开时运行。打开应用需要网络连接。已打开的路线也可以离线使用。|GPS座標と最年少のお子様の情報はこの端末に保存されます。通知を有効にすると、未訪問のお気に入りと最後にいたパーク内エリアの目的地がweletapiに送信されます。GPSと方角はアプリを開いている間に動作します。アプリを開くには接続が必要です。すでに開いているルートはオフラインでも使えます。|GPS 좌표와 가장 어린 자녀의 정보는 이 기기에만 저장됩니다. 푸시를 켜면 미방문 즐겨찾기와 마지막 파크 구역의 목적지를 weletapi에 전송합니다. GPS와 방향 기능은 앱을 열었을 때 작동합니다. 앱을 열려면 연결이 필요합니다. 이미 열어 둔 경로는 오프라인에서도 사용할 수 있습니다.|تبقى إحداثيات GPS وبيانات أصغر طفل على هذا الجهاز. عند تفعيل الإشعارات تُرسل المفضلة غير المزارة ووجهات آخر منطقة في المنتزه إلى weletapi. يعمل GPS والاتجاه عندما يكون التطبيق مفتوحًا. يلزم اتصال لفتح التطبيق. يظل المسار المفتوح مسبقًا قابلًا للاستخدام دون إنترنت.|GPS coordinates and details about your youngest child stay on this device. With push enabled, unvisited favorites and destinations in your last park area are sent to weletapi. GPS and direction work while the app is open. Opening the app requires a connection. An already open route also works offline.
Safari nennt das genaue iPhone-Modell nicht. Einmal eintragen, damit es im Fehlerbericht steht. Technische 3D-Fehler werden an weletapi gemeldet; GPS und Route werden nicht übertragen.|Safari ne fournit pas le modèle exact de l’iPhone. Saisis-le une fois pour qu’il figure dans le rapport d’erreur. Les erreurs techniques 3D sont signalées à weletapi ; ni le GPS ni l’itinéraire ne sont transmis.|Safari non indica il modello esatto di iPhone. Inseriscilo una volta per includerlo nel rapporto di errore. Gli errori tecnici 3D vengono segnalati a weletapi; GPS e percorso non vengono trasmessi.|Safari no indica el modelo exacto de iPhone. Introdúcelo una vez para incluirlo en el informe de errores. Los errores técnicos de 3D se envían a weletapi; no se transmite el GPS ni la ruta.|Safari不提供确切的iPhone型号。填写一次即可将其纳入错误报告。3D技术错误会发送至weletapi，不会发送GPS或路线。|Safariは正確なiPhoneの機種名を提供しません。一度入力するとエラーレポートに記載されます。3Dの技術的なエラーはweletapiに送信されますが、GPSとルートは送信されません。|Safari는 정확한 iPhone 모델을 제공하지 않습니다. 한 번 입력하면 오류 보고서에 포함됩니다. 기술적 3D 오류를 weletapi에 전송하지만 GPS와 경로는 전송하지 않습니다.|لا يوفر Safari طراز iPhone الدقيق. أدخله مرة واحدة ليظهر في تقرير الخطأ. تُرسل أخطاء 3D التقنية إلى weletapi دون إرسال GPS أو المسار.|Safari does not reveal the exact iPhone model. Enter it once so it appears in error reports. Technical 3D errors are reported to weletapi; GPS and route data are not transmitted.
Die 3D-Parkkarte orientiert sich farblich am Disneyplan, verwendet geografische Gebäude und Wege von OpenStreetMap. Höhen, Bäume und Wahrzeichen sind teilweise stilisiert. GPS und Navigation nutzen dieselben Eingänge und Wege wie die Wegekarte.|Les couleurs de la carte 3D s’inspirent du plan Disney ; les bâtiments et les chemins proviennent d’OpenStreetMap. Certaines hauteurs, certains arbres et monuments sont stylisés. Le GPS et la navigation utilisent les mêmes entrées et chemins que la carte piétonne.|I colori della mappa 3D si ispirano alla mappa Disney; edifici e percorsi geografici provengono da OpenStreetMap. Altezze, alberi e monumenti sono in parte stilizzati. GPS e navigazione usano gli stessi ingressi e percorsi della mappa pedonale.|Los colores del mapa 3D se inspiran en el plano Disney; los edificios y caminos geográficos proceden de OpenStreetMap. Algunas alturas, árboles y monumentos están estilizados. GPS y navegación usan las mismas entradas y caminos que el mapa peatonal.|3D园区地图配色参考Disney地图，建筑及道路地理数据来自OpenStreetMap。部分高度、树木及地标采用风格化表现。GPS和导航使用与步行地图相同的入口及道路。|3Dパークマップの色はDisneyの地図を参考にし、建物と道の地理データにはOpenStreetMapを使用しています。高さ、木、ランドマークは一部デフォルメされています。GPSとナビゲーションは歩行マップと同じ入口と道を使用します。|3D 파크 지도 색상은 Disney 지도를 참고하며 건물과 길의 지리 데이터는 OpenStreetMap을 사용합니다. 높이, 나무 및 랜드마크는 일부 양식화되어 있습니다. GPS와 내비게이션은 도보 지도와 동일한 입구와 길을 사용합니다.|ألوان خريطة المنتزه ثلاثية الأبعاد مستوحاة من خريطة Disney، وتستخدم المباني والمسارات الجغرافية من OpenStreetMap. بعض الارتفاعات والأشجار والمعالم مبسطة. يستخدم GPS والملاحة المداخل والمسارات نفسها في خريطة المشي.|The 3D park map uses colors inspired by the Disney map and geographic buildings and paths from OpenStreetMap. Heights, trees and landmarks are partly stylized. GPS and navigation use the same entrances and paths as the walking map.
Verzeichnis: alle 50 offiziell gelisteten Attraktionen, 42 Angebote für Shows, Paraden und Figurenbegegnungen sowie 3 weitere Bahnhöfe|Catalogue : les 50 attractions officielles, 42 spectacles, parades et rencontres avec les personnages, ainsi que 3 gares supplémentaires|Catalogo: tutte le 50 attrazioni ufficiali, 42 spettacoli, parate e incontri con i personaggi e altre 3 stazioni|Catálogo: las 50 atracciones oficiales, 42 espectáculos, desfiles y encuentros con personajes, y otras 3 estaciones|目录：全部50个官方游乐项目、42项演出、巡游和角色见面活动，以及另外3座车站|一覧：公式掲載のアトラクション全50件、ショー・パレード・キャラクターグリーティング42件、その他の駅3件|목록: 공식 어트랙션 50개 전체, 공연·퍼레이드·캐릭터 만남 42개 및 추가 역 3개|الدليل: جميع الألعاب الرسمية الخمسين، و42 عرضًا واستعراضًا ولقاء شخصيات، إضافة إلى 3 محطات|Directory: all 50 officially listed attractions, 42 shows, parades and character encounters, plus 3 additional stations
. Figuren ohne genauen Treffpunkt sind als ungefährer Bereich markiert.|. Les personnages sans lieu de rencontre précis sont indiqués dans une zone approximative.|. I personaggi senza punto d’incontro preciso sono indicati in un’area approssimativa.|. Los personajes sin punto de encuentro exacto se indican en una zona aproximada.|。没有确切见面地点的角色标为大致区域。|。正確な場所がないキャラクターは、おおよそのエリアで表示します。|. 정확한 만남 장소가 없는 캐릭터는 대략적인 구역으로 표시합니다.|. الشخصيات دون نقطة لقاء محددة موضحة في منطقة تقريبية.|. Characters without an exact meeting point are marked as an approximate area.
Fußwege, Rides und Toiletten: ©|Chemins, attractions et toilettes : ©|Percorsi, attrazioni e servizi igienici: ©|Caminos, atracciones y aseos: ©|步行道路、游乐项目及卫生间：©|道・アトラクション・トイレ：©|길, 어트랙션 및 화장실: ©|الممرات والألعاب ودورات المياه: ©|Paths, rides and restrooms: ©
, Stand 05.10.2026. Ziele sind angenäherte Zugänge; Beschilderung und Sperrungen vor Ort beachten.|, données du 05.10.2026. Les accès sont approximatifs ; respecte les panneaux et les fermetures sur place.|, dati al 05.10.2026. Gli accessi sono approssimativi; rispetta la segnaletica e le chiusure sul posto.|, datos del 05.10.2026. Los accesos son aproximados; respeta las señales y los cierres del parque.|，数据日期：2026年10月5日。入口为估计位置，请遵循现场指示及封路安排。|、データ日：2026年10月5日。入口はおおよその位置です。現地の案内表示と通行止めに従ってください。|, 2026년 10월 5일 기준. 입구는 대략적인 위치입니다. 현장 표지판과 통행 제한을 따라주세요.|، بيانات 05.10.2026. المداخل تقريبية؛ التزم باللوحات والإغلاقات في المكان.|, as of 5 October 2026. Destinations use approximate entrances; follow signs and closures on site.
Originalplan: © Disney,|Plan original : © Disney,|Mappa originale: © Disney,|Plano original: © Disney,|原始地图：© Disney，|原版の地図：© Disney、|원본 지도: © Disney,|الخريطة الأصلية: © Disney،|Original map: © Disney,
offizieller Disneyland-Parkplan, März 2026|plan officiel du Parc Disneyland, mars 2026|mappa ufficiale del Parco Disneyland, marzo 2026|plano oficial del Parque Disneyland, marzo de 2026|Disneyland园区官方地图，2026年3月|Disneylandパーク公式マップ、2026年3月|Disneyland 파크 공식 지도, 2026년 3월|خريطة منتزه Disneyland الرسمية، مارس 2026|official Disneyland park map, March 2026
. Die Zeichnung ist nicht maßstabsgetreu. Live-Navigation nutzt deshalb die Wegekarte.|. Le dessin n’est pas à l’échelle. La navigation en direct utilise donc la carte piétonne.|. Il disegno non è in scala. La navigazione live usa quindi la mappa pedonale.|. El dibujo no está a escala. Por eso la navegación en vivo usa el mapa peatonal.|。图示并非按比例绘制，因此实时导航使用步行地图。|。イラストは縮尺どおりではありません。そのためライブナビゲーションでは歩行マップを使用します。|. 그림은 실제 축척이 아닙니다. 따라서 실시간 내비게이션은 도보 지도를 사용합니다.|. الرسم ليس مطابقًا للمقياس. لذلك تستخدم الملاحة المباشرة خريطة المشي.|. The drawing is not to scale. Live navigation therefore uses the walking map.
. Abgerufener Stand: 05.10.2026, keine Live-Noten. Nur zugeordnete Attraktionen mit Bewertung; ältere Ride-Varianten können enthalten sein.|. Données consultées le 05.10.2026, notes non actualisées en direct. Seules les attractions associées ayant une note figurent ici ; d’anciennes versions peuvent être incluses.|. Dati consultati il 05.10.2026, valutazioni non aggiornate in tempo reale. Sono incluse solo attrazioni associate con valutazione; possono comparire versioni precedenti.|. Datos consultados el 05.10.2026; las notas no son en directo. Solo aparecen atracciones vinculadas con valoración; pueden incluirse versiones antiguas.|。数据获取于2026年10月5日，评分并非实时。仅包含已匹配且有评分的项目，可能包括旧版本。|。2026年10月5日に取得したデータで、リアルタイムの評価ではありません。評価がある対応済みアトラクションのみを表示し、旧バージョンが含まれる場合があります。|. 2026년 10월 5일 조회한 데이터로 실시간 평점이 아닙니다. 평점이 있는 연결된 어트랙션만 표시하며 이전 버전이 포함될 수 있습니다.|. بيانات جرى الاطلاع عليها في 05.10.2026 وليست تقييمات مباشرة. تشمل فقط الألعاب المطابقة ذات التقييم، وقد تتضمن نسخًا سابقة.|. Retrieved on 5 October 2026, not live ratings. Only matched attractions with ratings; older ride versions may be included.
Einlassregeln am Eingang gelten.|Les règles affichées à l’entrée s’appliquent.|Valgono le regole d’accesso all’ingresso.|Se aplican las normas de acceso de la entrada.|以入口处的入场规定为准。|入口で案内される入場ルールが適用されます。|입구의 입장 규정이 적용됩니다.|تُطبق قواعد الدخول عند المدخل.|Admission rules at the entrance apply.
Quelle: offizielles Disney-Verzeichnis.|Source : catalogue officiel Disney.|Fonte: catalogo ufficiale Disney.|Fuente: catálogo oficial Disney.|来源：Disney官方目录。|出典：Disney公式一覧。|출처: Disney 공식 목록.|المصدر: دليل Disney الرسمي.|Source: official Disney directory.
{0}, {1} Jahre, {2} cm: Größenanforderung erfüllt.|{0}, {1} ans, {2} cm : taille minimale atteinte.|{0}, {1} anni, {2} cm: altezza minima raggiunta.|{0}, {1} años, {2} cm: cumple la altura mínima.|{0}，{1}岁，{2}厘米：满足身高要求。|{0}、{1}歳、{2}cm：身長条件を満たしています。|{0}, {1}세, {2}cm: 신장 조건을 충족합니다.|{0}، {1} سنة، {2} سم: يستوفي شرط الطول.|{0}, age {1}, {2} cm: height requirement met.
Dornröschenschloss mit detailreicheren Türmen und Torbogen. Drache am Schlossfuß; keine Dachbeschriftung am Schloss.|Le Château de la Belle au Bois Dormant possède des tours plus détaillées et une porte voûtée. Un dragon est installé au pied du château ; les inscriptions sur ses toits ont été retirées.|Il Castello della Bella Addormentata ha torri più dettagliate e un ingresso ad arco. Un drago ai piedi del castello; nessuna scritta sui suoi tetti.|El Castillo de la Bella Durmiente tiene torres más detalladas y una entrada con arco. Un dragón al pie del castillo; se han eliminado los rótulos de sus tejados.|睡美人城堡的塔楼和拱门更加精细。城堡脚下新增巨龙，并移除了城堡屋顶的文字。|眠れる森の美女の城の塔とアーチ門をより細かく再現しました。城の足元にドラゴンを配置し、城の屋根の文字を削除しました。|잠자는 숲속의 공주 성의 탑과 아치형 입구를 더 정교하게 표현했습니다. 성 아래에 용을 배치하고 성 지붕의 글자를 제거했습니다.|أصبحت أبراج قلعة الأميرة النائمة وبوابتها المقوسة أكثر تفصيلاً. أُضيف تنين عند سفح القلعة، وأُزيلت الكتابات من أسطحها.|Sleeping Beauty Castle with more detailed towers and archway. Dragon at the foot of the castle; no rooftop lettering on the castle.
Realitätsnähere 3D-Modelle für Eingang, Wasserturm und Hollywood Tower. Bahnhöfe Main Street und Chessy mit Gleisen.|Des modèles 3D plus fidèles pour l’entrée, le château d’eau et la Hollywood Tower. Les gares de Main Street et de Chessy sont représentées avec leurs voies.|Modelli 3D più fedeli per l’ingresso, la torre dell’acqua e la Hollywood Tower. Le stazioni di Main Street e Chessy sono rappresentate con i binari.|Modelos 3D más fieles de la entrada, la torre de agua y la Hollywood Tower. Las estaciones de Main Street y Chessy incluyen sus vías.|入口、水塔和好莱坞高塔的3D模型更加逼真。Main Street和Chessy车站新增了铁路轨道。|入口、給水塔、ハリウッド・タワーの3Dモデルを実物に近づけました。メインストリート駅とシェシー駅に線路を追加しました。|입구, 급수탑, 할리우드 타워의 3D 모델을 실제 모습에 더 가깝게 개선했습니다. 메인 스트리트역과 셰시역에 선로를 추가했습니다.|نماذج ثلاثية الأبعاد أقرب للواقع للمدخل وبرج المياه وبرج هوليوود، مع إضافة محطتي مين ستريت وشيسي وخطوط السكك الحديدية.|More realistic 3D models for the entrance, water tower and Hollywood Tower. Main Street and Chessy stations with tracks.
RER A bis Paris anzeigen|Afficher le RER A jusqu’à Paris|Mostra il RER A fino a Parigi|Ver el RER A hasta París|显示通往巴黎的RER A线路|パリまでのRER Aを表示|파리까지 RER A 노선 보기|عرض مسار RER A إلى باريس|Show RER A to Paris
Bahnstrecke konnte nicht geladen werden.|Le tracé ferroviaire n’a pas pu être chargé.|Impossibile caricare il percorso ferroviario.|No se ha podido cargar el trazado ferroviario.|无法加载铁路线路。|鉄道路線を読み込めませんでした。|철도 노선을 불러오지 못했습니다.|تعذّر تحميل مسار السكك الحديدية.|Railway route could not be loaded.
RER-A-Gleise von Chessy bis Paris Gare de Lyon. Streckenübersicht mit Bahnhöfen und gestrichelten Tunnelabschnitten in 2D und 3D.|Les voies du RER A de Chessy à Paris Gare de Lyon. Vue d’ensemble avec les gares et les tunnels en pointillés en 2D et 3D.|Binari del RER A da Chessy a Paris Gare de Lyon. Panoramica con stazioni e gallerie tratteggiate in 2D e 3D.|Vías del RER A desde Chessy hasta Paris Gare de Lyon. Vista general con estaciones y túneles en líneas discontinuas en 2D y 3D.|RER A铁路延伸至Paris Gare de Lyon。2D和3D线路总览显示各车站，并以虚线标出隧道。|シェシーからパリ・リヨン駅までRER Aの線路を表示。2D・3Dの全体図には各駅と点線のトンネル区間を表示します。|셰시에서 파리 리옹역까지 RER A 선로를 표시합니다. 2D 및 3D 노선 전체 보기에서 역과 점선으로 표시된 터널 구간을 확인할 수 있습니다.|خطوط RER A من شيسي إلى محطة باريس غار دو ليون. عرض شامل للمسار مع المحطات ومقاطع الأنفاق بخطوط متقطعة في العرضين الثنائي والثلاثي الأبعاد.|RER A tracks from Chessy to Paris Gare de Lyon. Route overview with stations and dashed tunnel sections in 2D and 3D.
Nur in 3D: Beim Herauszoomen erscheinen Paris als Umriss, die Kontinente und schließlich die Weltkugel. Land grün, Wasser blau; ohne weitere Details.|Uniquement en 3D : en dézoomant, découvrez le contour de Paris, puis les continents et enfin le globe. Terres en vert, eau en bleu, sans autres détails.|Solo in 3D: allontanando la visuale compaiono il contorno di Parigi, i continenti e infine il globo. Terra verde, acqua blu, senza altri dettagli.|Solo en 3D: al alejar la vista aparecen el contorno de París, los continentes y, finalmente, el globo. Tierra verde y agua azul, sin más detalles.|仅限3D：缩小地图后，依次显示巴黎轮廓、各大洲和地球。陆地为绿色，水域为蓝色，不添加其他细节。|3D表示のみ：ズームアウトすると、パリの輪郭、大陸、最後に地球全体が表示されます。陸地は緑、水は青で、その他の詳細はありません。|3D에서만: 축소하면 파리 윤곽, 대륙, 마지막으로 지구 전체가 나타납니다. 육지는 초록색, 물은 파란색이며 다른 세부 정보는 없습니다.|في العرض الثلاثي الأبعاد فقط: عند التصغير يظهر مخطط باريس، ثم القارات، وأخيرًا الكرة الأرضية. اليابسة خضراء والماء أزرق، دون تفاصيل إضافية.|3D only: zooming out reveals a Paris outline, the continents and finally the globe. Green land, blue water; no further details.
Beschriftete Fahnen an der Dachspitze ersetzen Dachtexte, die nicht gut auf das Dach passen. Mit dezenter Bewegung im Wind.|Des drapeaux portant le nom du bâtiment remplacent les inscriptions qui ne tiennent pas bien sur le toit. Ils flottent légèrement au vent.|Bandiere con il nome dell’edificio sulla cima del tetto sostituiscono le scritte che non si adattano bene alla superficie. Si muovono dolcemente al vento.|Banderas con el nombre del edificio en lo alto del tejado sustituyen los rótulos que no caben bien. Se mueven suavemente con el viento.|屋顶最高处新增带名称的旗帜，替代无法完整显示的屋顶文字。旗帜随风轻轻摆动。|屋根に収まらない文字の代わりに、屋根の頂上に名前入りの旗を設置しました。風で穏やかに揺れます。|지붕에 잘 맞지 않는 글자 대신 지붕 꼭대기에 이름이 적힌 깃발을 배치했습니다. 깃발은 바람에 부드럽게 흔들립니다.|أعلام تحمل اسم المبنى على أعلى نقطة في السقف بدل الكتابات التي لا تتسع لها مساحته، مع حركة خفيفة في الريح.|Labeled rooftop flags replace text that doesn't fit well on the roof. With subtle movement in the wind.
Disney Village mit Gebäuden, Wegen, See und schwebendem PanoraMagique-Ballon. Mickey-Symbole beschriften die sechs Disney-Standorte weltweit.|Disney Village avec ses bâtiments, ses allées, son lac et le ballon PanoraMagique en vol. Des symboles Mickey identifient les six destinations Disney dans le monde.|Disney Village con edifici, percorsi, lago e il pallone PanoraMagique in volo. I simboli di Mickey identificano le sei destinazioni Disney nel mondo.|Disney Village con edificios, caminos, lago y el globo PanoraMagique en el aire. Los símbolos de Mickey identifican los seis destinos Disney del mundo.|新增Disney Village的建筑、步道、湖泊及空中的PanoraMagique系留气球。米奇图标标注全球六个Disney度假区。|ディズニー・ヴィレッジの建物、遊歩道、湖、空に浮かぶPanoraMagiqueの係留気球を追加しました。世界6か所のディズニーリゾートをミッキーのアイコンで表示します。|디즈니 빌리지의 건물, 길, 호수와 공중에 떠 있는 PanoraMagique 계류 기구를 추가했습니다. 전 세계 여섯 디즈니 리조트를 미키 아이콘으로 표시합니다.|أُضيفت ديزني فيليج بمبانيها وممراتها وبحيرتها ومنطاد PanoraMagique المربوط المحلّق فوقها. رموز ميكي تُحدد مواقع وجهات ديزني الست حول العالم.|Disney Village with buildings, paths, lake and floating PanoraMagique balloon. Mickey symbols label the six Disney locations worldwide.
Mehr Abstand am unteren Rand der Navigationskarte. Der Sheet-Griff bleibt beim Scrollen fest oben.|Plus d’espace au bas de la fiche de navigation. La poignée reste fixe en haut pendant le défilement.|Più spazio nella parte inferiore della scheda di navigazione. La maniglia resta fissa in alto mentre scorri il contenuto.|Más espacio en la parte inferior de la tarjeta de navegación. El tirador permanece fijo arriba al desplazarte por el contenido.|导航卡片底部留出更多空间。滚动内容时，顶部拖动条保持固定。|ナビゲーションカードの下部に余白を追加しました。内容をスクロールしても、上部のハンドルは動きません。|내비게이션 카드 아래쪽 여백을 늘렸습니다. 내용을 스크롤해도 상단의 손잡이는 고정됩니다.|مساحة أكبر أسفل بطاقة الملاحة. يبقى مقبض اللوحة ثابتًا في الأعلى عند تمرير المحتوى.|More space at the bottom of the navigation map. The sheet handle stays at the top when scrolling.
Spider-Man-Eingang auf den Fußweg zwischen Stark Factory und Spider-Man korrigiert. Pin und Navigation führen zum bestätigten Eingang.|L’entrée de Spider-Man a été déplacée sur le chemin entre Stark Factory et Spider-Man. Le repère et la navigation mènent désormais à l’entrée confirmée.|L’ingresso di Spider-Man è stato corretto sul percorso tra Stark Factory e Spider-Man. Il segnaposto e la navigazione portano ora all’ingresso confermato.|Se ha corregido la entrada de Spider-Man en el camino entre Stark Factory y Spider-Man. El marcador y la navegación llevan a la entrada confirmada.|Spider-Man入口已更正至Stark Factory与Spider-Man之间的步道。地图标记和导航现均指向已确认的入口。|Spider-Manの入口をStark Factoryとの間の歩道に修正しました。地図のマーカーとナビゲーションが確認済みの入口を案内します。|Spider-Man 입구를 Stark Factory와 Spider-Man 사이의 보행로로 수정했습니다. 지도 표시와 내비게이션이 확인된 입구로 안내합니다.|تم تصحيح مدخل Spider-Man ليكون على الممر بين Stark Factory وSpider-Man. تشير العلامة والملاحة الآن إلى المدخل المؤكد.|Spider-Man entrance corrected to the path between Stark Factory and Spider-Man. The pin and navigation lead to the confirmed entrance.
Das iPhone-Modell wird nach einem 3D-Crash optional abgefragt und lokal für weitere Fehlerberichte gespeichert. Kein Modellfeld mehr in den Einstellungen.|Le modèle d’iPhone est demandé facultativement après un plantage de la carte 3D et enregistré localement pour les prochains rapports. Il n’est plus renseigné dans les réglages.|Il modello di iPhone viene chiesto facoltativamente dopo un arresto della mappa 3D e salvato localmente per i rapporti futuri. Il campo non è più nelle impostazioni.|El modelo de iPhone se pregunta de forma opcional tras un fallo del mapa 3D y se guarda localmente para futuros informes. Ya no se introduce en los ajustes.|3D地图崩溃后可选择填写iPhone型号，型号会保存在本设备上，供后续错误报告使用。设置中不再提供型号输入框。|3Dマップがクラッシュした後に、任意でiPhoneの機種を入力できます。次回以降のエラーレポート用に端末に保存され、設定の入力欄はなくなります。|3D 지도 충돌 후 iPhone 모델을 선택적으로 입력할 수 있으며, 다음 오류 보고서를 위해 기기에 저장됩니다. 설정의 모델 입력란은 제거했습니다.|يُطلب طراز iPhone اختياريًا بعد تعطل الخريطة ثلاثية الأبعاد، ويُحفظ محليًا للتقارير القادمة. لم يعد هناك حقل للطراز في الإعدادات.|The iPhone model is optionally requested after a 3D crash and saved locally for future error reports. The model field has been removed from Settings.
Das X sitzt direkt im Suchfeld. Antippen leert die Suche, ohne die Tastatur zu schließen.|La croix se trouve dans le champ de recherche. Un appui efface la recherche sans fermer le clavier.|La X si trova nel campo di ricerca. Toccandola cancelli la ricerca senza chiudere la tastiera.|La X está dentro del campo de búsqueda. Al tocarla se borra la búsqueda sin cerrar el teclado.|清除按钮现位于搜索框内。轻点即可清空搜索内容，键盘保持打开。|検索欄の中にクリアボタンを配置しました。タップすると、キーボードを閉じずに検索内容を消せます。|검색창 안에 지우기 버튼을 배치했습니다. 누르면 키보드를 닫지 않고 검색어를 지울 수 있습니다.|أصبح زر المسح داخل حقل البحث. اضغط عليه لمسح البحث مع إبقاء لوحة المفاتيح مفتوحة.|The X is directly inside the search field. Tapping clears the search without closing the keyboard.
Die App ist unter abetterdisneylandparisapp.weletapi.com ohne Anmeldung nutzbar. Favoriten und Einstellungen bleiben auf deinem Gerät.|L’application est accessible sans connexion sur abetterdisneylandparisapp.weletapi.com. Vos favoris et réglages restent sur votre appareil.|L’app è disponibile senza accesso su abetterdisneylandparisapp.weletapi.com. Preferiti e impostazioni restano sul tuo dispositivo.|La app está disponible sin iniciar sesión en abetterdisneylandparisapp.weletapi.com. Los favoritos y ajustes se guardan en tu dispositivo.|无需登录即可在abetterdisneylandparisapp.weletapi.com使用应用。收藏和设置保留在你的设备上。|abetterdisneylandparisapp.weletapi.comでログインせずに利用できます。お気に入りと設定は端末に保存されます。|abetterdisneylandparisapp.weletapi.com에서 로그인 없이 앱을 사용할 수 있습니다. 즐겨찾기와 설정은 기기에 저장됩니다.|يمكن استخدام التطبيق دون تسجيل دخول على abetterdisneylandparisapp.weletapi.com. تبقى المفضلة والإعدادات على جهازك.|The app is available at abetterdisneylandparisapp.weletapi.com without sign-up. Favorites and settings stay on your device.
Zum Öffnen der App wird eine Verbindung benötigt. Eine bereits geöffnete Route funktioniert auch ohne Netz.|Une connexion est nécessaire pour ouvrir l’application. Un itinéraire déjà ouvert reste utilisable hors ligne.|Per aprire l’app serve una connessione. Un percorso già aperto funziona anche senza rete.|Se necesita conexión para abrir la app. Una ruta ya abierta funciona también sin conexión.|打开应用需要网络连接。已打开的路线也可以离线使用。|アプリを開くには接続が必要です。すでに開いているルートはオフラインでも使えます。|앱을 열려면 연결이 필요합니다. 이미 열어 둔 경로는 오프라인에서도 사용할 수 있습니다.|يلزم اتصال لفتح التطبيق. يظل المسار المفتوح مسبقًا قابلًا للاستخدام دون إنترنت.|Opening the app requires a connection. An already open route also works offline.
Verbindung erneuern: Bitte die App neu laden.|Pour rétablir la connexion, rechargez l’application.|Per ripristinare la connessione, ricarica l’app.|Para restablecer la conexión, vuelve a cargar la app.|请重新加载应用以恢复连接。|接続を再開するにはアプリを再読み込みしてください。|연결을 다시 설정하려면 앱을 새로 고침하세요.|أعد تحميل التطبيق لاستعادة الاتصال.|Refresh your connection: please reload the app.
Die 3D-Parkkarte ist jetzt die Standardansicht. Eine bereits gespeicherte Kartenwahl bleibt erhalten.|La carte 3D du parc est désormais la vue par défaut. Le choix de carte déjà enregistré est conservé.|La mappa 3D del parco è ora la vista predefinita. La scelta della mappa già salvata viene mantenuta.|El mapa 3D del parque es ahora la vista predeterminada. Se conserva la opción de mapa que ya hayas guardado.|3D园区地图现为默认视图。已保存的地图选择保持不变。|3Dパークマップが標準表示になりました。保存済みのマップ設定はそのまま使えます。|이제 3D 파크 지도가 기본 화면입니다. 이미 저장한 지도 선택은 유지됩니다.|أصبحت خريطة المنتزه ثلاثية الأبعاد العرض الافتراضي. يبقى اختيار الخريطة المحفوظ سابقًا كما هو.|The 3D park map is now the default view. A previously saved map choice is kept.
