Android: Im Browser-Menü „App installieren“ oder „Zum Startbildschirm hinzufügen“ wählen. Danach die App über das neue Symbol öffnen.|Android : dans le menu du navigateur, choisissez « Installer l’application » ou « Ajouter à l’écran d’accueil ». Ouvrez ensuite l’app avec la nouvelle icône.|Android: nel menu del browser scegli « Installa app » o « Aggiungi alla schermata Home ». Poi apri l’app dalla nuova icona.|Android: en el menú del navegador elige «Instalar app» o «Añadir a la pantalla de inicio». Luego abre la app desde el nuevo icono.|Android：在浏览器菜单中选择“安装应用”或“添加到主屏幕”，然后通过新图标打开应用。|Android：ブラウザのメニューで「アプリをインストール」または「ホーム画面に追加」を選び、新しいアイコンから開きます。|Android: 브라우저 메뉴에서 ‘앱 설치’ 또는 ‘홈 화면에 추가’를 선택한 후 새 아이콘으로 앱을 여세요.|Android: اختر «تثبيت التطبيق» أو «إضافة إلى الشاشة الرئيسية» من قائمة المتصفح، ثم افتح التطبيق من الأيقونة الجديدة.|Android: choose “Install app” or “Add to Home screen” in your browser menu. Then open the app using the new icon.
Dieser Browser unterstützt keine Push-Mitteilungen. Öffne die App auf Android in Chrome und prüfe die Benachrichtigungsfreigaben.|Ce navigateur ne prend pas en charge les notifications push. Sur Android, ouvrez l’app dans Chrome et vérifiez les autorisations de notification.|Questo browser non supporta le notifiche push. Su Android, apri l’app in Chrome e controlla i permessi delle notifiche.|Este navegador no admite notificaciones push. En Android, abre la app en Chrome y comprueba los permisos de notificaciones.|此浏览器不支持推送通知。在Android上，请用Chrome打开应用并检查通知权限。|このブラウザはプッシュ通知に対応していません。AndroidではChromeで開き、通知の許可を確認してください。|이 브라우저는 푸시 알림을 지원하지 않아요. Android에서는 Chrome으로 앱을 열고 알림 권한을 확인하세요.|هذا المتصفح لا يدعم إشعارات الدفع. على Android، افتح التطبيق في Chrome وتحقق من أذونات الإشعارات.|This browser does not support push notifications. On Android, open the app in Chrome and check notification permissions.
Dieser Browser unterstützt keine Push-Mitteilungen. Nutze einen Browser mit Web-Push-Unterstützung.|Ce navigateur ne prend pas en charge les notifications push. Utilisez un navigateur compatible avec Web Push.|Questo browser non supporta le notifiche push. Usa un browser compatibile con Web Push.|Este navegador no admite notificaciones push. Usa un navegador compatible con Web Push.|此浏览器不支持推送通知。请使用支持Web Push的浏览器。|このブラウザはプッシュ通知に対応していません。Web Push対応のブラウザを使ってください。|이 브라우저는 푸시 알림을 지원하지 않아요. Web Push를 지원하는 브라우저를 사용하세요.|هذا المتصفح لا يدعم إشعارات الدفع. استخدم متصفحاً يدعم Web Push.|This browser does not support push notifications. Use a browser with Web Push support.
Push nicht erlaubt. Prüfe die Website-Berechtigungen im Browser und die Android-Benachrichtigungen für den Browser oder die installierte App.|Notifications push refusées. Vérifiez les autorisations du site dans le navigateur et les notifications Android pour le navigateur ou l’app installée.|Notifiche push non consentite. Controlla i permessi del sito nel browser e le notifiche Android per il browser o l’app installata.|Notificaciones push no permitidas. Comprueba los permisos del sitio en el navegador y las notificaciones de Android para el navegador o la app instalada.|未允许推送通知。请检查浏览器的网站权限，以及Android为浏览器或已安装应用设置的通知权限。|プッシュ通知が許可されていません。ブラウザのサイト権限と、ブラウザまたはインストール済みアプリのAndroid通知設定を確認してください。|푸시 알림이 허용되지 않았어요. 브라우저의 사이트 권한과 브라우저 또는 설치된 앱의 Android 알림 설정을 확인하세요.|إشعارات الدفع غير مسموحة. تحقق من أذونات الموقع في المتصفح ومن إشعارات Android للمتصفح أو التطبيق المثبت.|Push notifications are not allowed. Check website permissions in your browser and Android notifications for the browser or installed app.
Push nicht erlaubt. Prüfe die Benachrichtigungsfreigabe in den Browser-Einstellungen.|Notifications push refusées. Vérifiez l’autorisation de notification dans les paramètres du navigateur.|Notifiche push non consentite. Controlla il permesso delle notifiche nelle impostazioni del browser.|Notificaciones push no permitidas. Comprueba el permiso de notificaciones en los ajustes del navegador.|未允许推送通知。请在浏览器设置中检查通知权限。|プッシュ通知が許可されていません。ブラウザの設定で通知の許可を確認してください。|푸시 알림이 허용되지 않았어요. 브라우저 설정에서 알림 권한을 확인하세요.|إشعارات الدفع غير مسموحة. تحقق من إذن الإشعارات في إعدادات المتصفح.|Push notifications are not allowed. Check notification permission in your browser settings.
Welches Smartphone verwendest du?|Quel smartphone utilisez-vous ?|Quale smartphone usi?|¿Qué teléfono usas?|你使用哪款手机？|どのスマートフォンを使っていますか？|어떤 스마트폰을 사용하나요?|ما الهاتف الذكي الذي تستخدمه؟|Which smartphone do you use?
Smartphone-Modell (optional)|Modèle du smartphone (facultatif)|Modello dello smartphone (facoltativo)|Modelo del teléfono (opcional)|手机型号（可选）|スマートフォンの機種（任意）|스마트폰 모델 (선택)|طراز الهاتف الذكي (اختياري)|Smartphone model (optional)
Bitte prüfe das Smartphone-Modell.|Veuillez vérifier le modèle du smartphone.|Controlla il modello dello smartphone.|Comprueba el modelo del teléfono.|请检查手机型号。|スマートフォンの機種を確認してください。|스마트폰 모델을 확인해 주세요.|يرجى التحقق من طراز الهاتف الذكي.|Please check the smartphone model.
Nach einer 3D-Unterbrechung kannst du dein Smartphone-Modell für den Fehlerbericht ergänzen. Die Angabe ist freiwillig und bleibt für weitere Berichte auf diesem Gerät gespeichert.|Après une interruption de la 3D, vous pouvez ajouter le modèle de votre smartphone au rapport d’erreur. C’est facultatif et enregistré sur cet appareil pour les prochains rapports.|Dopo un’interruzione del 3D, puoi aggiungere il modello dello smartphone alla segnalazione. È facoltativo e viene salvato su questo dispositivo per le segnalazioni successive.|Tras una interrupción del 3D, puedes añadir el modelo del teléfono al informe de error. Es opcional y se guarda en este dispositivo para futuros informes.|3D中断后，你可以在错误报告中补充手机型号。这是可选信息，会保存在此设备上供后续报告使用。|3Dの中断後、エラー報告にスマートフォンの機種を追加できます。任意の情報で、今後の報告用にこの端末に保存されます。|3D 중단 후 오류 보고에 스마트폰 모델을 추가할 수 있어요. 선택 사항이며 향후 보고를 위해 이 기기에 저장돼요.|بعد انقطاع العرض ثلاثي الأبعاد، يمكنك إضافة طراز هاتفك إلى تقرير الخطأ. هذه المعلومة اختيارية وتُحفظ على هذا الجهاز للتقارير اللاحقة.|After a 3D interruption, you can add your smartphone model to the error report. This is optional and is saved on this device for future reports.
z. B. Pixel 9, Galaxy S24 oder iPhone 16|p. ex. Pixel 9, Galaxy S24 ou iPhone 16|ad es. Pixel 9, Galaxy S24 o iPhone 16|p. ej. Pixel 9, Galaxy S24 o iPhone 16|例如Pixel 9、Galaxy S24或iPhone 16|例：Pixel 9、Galaxy S24、iPhone 16|예: Pixel 9, Galaxy S24 또는 iPhone 16|مثلاً Pixel 9 أو Galaxy S24 أو iPhone 16|e.g. Pixel 9, Galaxy S24 or iPhone 16
Wenn der Browser das Smartphone-Modell nicht erkennt, kannst du es freiwillig im Fehlerbericht ergänzen. Technische 3D-Fehler werden an weletapi gemeldet; GPS und Route werden nicht übertragen.|Si le navigateur ne reconnaît pas le modèle du smartphone, vous pouvez l’ajouter volontairement au rapport d’erreur. Les erreurs techniques 3D sont signalées à weletapi ; le GPS et l’itinéraire ne sont pas transmis.|Se il browser non riconosce il modello dello smartphone, puoi aggiungerlo facoltativamente alla segnalazione. Gli errori tecnici 3D vengono inviati a weletapi; GPS e percorso non vengono trasmessi.|Si el navegador no reconoce el modelo del teléfono, puedes añadirlo opcionalmente al informe de error. Los errores técnicos del 3D se notifican a weletapi; no se transmiten el GPS ni la ruta.|如果浏览器无法识别手机型号，你可以自愿将其补充到错误报告中。3D技术错误会报告给weletapi；不会传输GPS和路线数据。|ブラウザが機種を認識できない場合、任意でエラー報告に追加できます。3Dの技術的エラーはweletapiに報告され、GPSとルートは送信されません。|브라우저가 스마트폰 모델을 인식하지 못하면 오류 보고에 선택적으로 추가할 수 있어요. 기술적인 3D 오류는 weletapi에 보고되며 GPS와 경로는 전송되지 않아요.|إذا لم يتعرف المتصفح على طراز الهاتف، يمكنك إضافته اختيارياً إلى تقرير الخطأ. تُرسل أخطاء العرض ثلاثي الأبعاد التقنية إلى weletapi؛ ولا يُرسل GPS أو المسار.|If your browser cannot identify the smartphone model, you can optionally add it to the error report. Technical 3D errors are reported to weletapi; GPS and route data are not transmitted.
