# Source | French | Italian | Spanish | Simplified Chinese | Japanese | Korean | Arabic
Sprache|Langue|Lingua|Idioma|语言|言語|언어|اللغة|Language
Karte|Carte|Mappa|Mapa|地图|マップ|지도|الخريطة|Map
Favoriten|Favoris|Preferiti|Favoritos|收藏|お気に入り|즐겨찾기|المفضلة|Favorites
Entdecken|Explorer|Esplora|Explorar|探索|見つける|둘러보기|استكشاف|Discover
Route|Itinéraire|Percorso|Ruta|路线|ルート|경로|المسار|Route
Info|Infos|Info|Información|信息|情報|정보|معلومات|Info
Infos|Informations|Informazioni|Información|详情|詳細|상세 정보|التفاصيل|Information
Einstellungen|Réglages|Impostazioni|Ajustes|设置|設定|설정|الإعدادات|Settings
Beide Parks|Les deux Parcs|Entrambi i Parchi|Ambos Parques|两个乐园|両方のパーク|두 파크 모두|كلا المنتزهين|Both parks
Alle|Tous|Tutti|Todos|全部|すべて|전체|الكل|All
Alles|Tout|Tutto|Todo|全部|すべて|전체|الكل|Everything
Alle Ziele|Toutes les destinations|Tutte le destinazioni|Todos los destinos|所有地点|すべての行き先|모든 목적지|جميع الوجهات|All destinations
Attraktionen|Attractions|Attrazioni|Atracciones|游乐项目|アトラクション|어트랙션|الألعاب|Attractions
Rides|Attractions|Attrazioni|Atracciones|游乐项目|アトラクション|어트랙션|الألعاب|Rides
Attraktion|Attraction|Attrazione|Atracción|游乐项目|アトラクション|어트랙션|لعبة|Attraction
Shows|Spectacles|Spettacoli|Espectáculos|演出|ショー|공연|العروض|Shows
Shows & Paraden|Spectacles et Parades|Spettacoli e Parate|Espectáculos y Cabalgatas|演出与巡游|ショーとパレード|공연 및 퍼레이드|العروض والاستعراضات|Shows & parades
Show / Parade|Spectacle / Parade|Spettacolo / Parata|Espectáculo / Cabalgata|演出／巡游|ショー／パレード|공연 / 퍼레이드|عرض / استعراض|Show / parade
Figurenbegegnungen|Rencontres avec les Personnages|Incontri con i Personaggi|Encuentros con Personajes|迪士尼角色见面|キャラクターとのグリーティング|캐릭터 만남|لقاءات الشخصيات|Character encounters
Figurenbegegnung|Rencontre avec un Personnage|Incontro con un Personaggio|Encuentro con un Personaje|角色见面|キャラクターグリーティング|캐릭터 만남|لقاء شخصية|Character encounter
Restaurant|Restaurant|Ristorante|Restaurante|餐厅|レストラン|레스토랑|مطعم|Restaurant
Café|Café|Caffetteria|Cafetería|咖啡馆|カフェ|카페|مقهى|Café
Imbiss|Restauration rapide|Ristorazione veloce|Comida rápida|快餐店|軽食店|간편식 매장|وجبات سريعة|Snack bar
Typ|Type|Tipo|Tipo|类型|種類|유형|النوع|Type
Art des Ziels|Type de destination|Tipo di destinazione|Tipo de destino|地点类型|行き先の種類|목적지 유형|نوع الوجهة|Destination type
Filter|Filtres|Filtri|Filtros|筛选|絞り込み|필터|الفلاتر|Filter
Filter zurücksetzen|Réinitialiser les filtres|Reimposta filtri|Restablecer filtros|重置筛选|絞り込みをリセット|필터 초기화|إعادة ضبط الفلاتر|Reset filters
Ziele sortieren|Trier les destinations|Ordina destinazioni|Ordenar destinos|地点排序|行き先を並べ替え|목적지 정렬|ترتيب الوجهات|Sort destinations
Nächste zuerst|Les plus proches|Più vicini prima|Más cercanos primero|距离最近优先|近い順|가까운 순|الأقرب أولًا|Nearest first
Beste Bewertung|Les mieux notées|Valutazione migliore|Mejor valoración|评分最高优先|評価の高い順|평점 높은 순|الأعلى تقييمًا|Best rating
Am besten bewertet|Les mieux notées|Le più apprezzate|Mejor valoradas|高评分项目|評価の高いアトラクション|평점 높은 어트랙션|الأعلى تقييمًا|Top rated
Name|Nom|Nome|Nombre|名称|名前|이름|الاسم|Name
Name · A–Z|Nom · A–Z|Nome · A–Z|Nombre · A–Z|名称顺序|名前順|이름순|الاسم · أبجديًا|Name · A–Z
Name A–Z.|Nom · A–Z.|Nome · A–Z.|Nombre · A–Z.|按名称排序。|名前順。|이름순.|حسب الاسم أبجديًا.|Name A–Z.
Ziel suchen|Rechercher une destination|Cerca una destinazione|Buscar un destino|搜索地点|行き先を検索|목적지 검색|البحث عن وجهة|Search destinations
Ride, Show oder Park suchen …|Rechercher une attraction, un spectacle ou un Parc…|Cerca attrazione, spettacolo o Parco…|Busca una atracción, un espectáculo o un Parque…|搜索游乐项目、演出或乐园…|アトラクション・ショー・パークを検索…|어트랙션, 공연 또는 파크 검색…|ابحث عن لعبة أو عرض أو منتزه…|Search for a ride, show or park …
Suche leeren|Effacer la recherche|Cancella ricerca|Borrar búsqueda|清空搜索|検索を消去|검색어 지우기|مسح البحث|Clear search
Ortssuche leeren|Effacer la recherche de lieux|Cancella ricerca luoghi|Borrar búsqueda de lugares|清空地点搜索|場所の検索を消去|장소 검색어 지우기|مسح البحث عن الأماكن|Clear place search
Suche schließen|Fermer la recherche|Chiudi ricerca|Cerrar búsqueda|关闭搜索|検索を閉じる|검색 닫기|إغلاق البحث|Close search
Nach einem Ort suchen|Rechercher un lieu|Cerca un luogo|Buscar un lugar|搜索地点|場所を検索|장소 검색|البحث عن مكان|Search for a place
Ort suchen|Rechercher un lieu|Cerca un luogo|Buscar un lugar|搜索地点|場所を検索|장소 검색|البحث عن مكان|Find a place
Restaurant, Café oder Küche suchen …|Rechercher un restaurant, un café ou une cuisine…|Cerca ristorante, bar o tipo di cucina…|Busca un restaurante, una cafetería o un tipo de cocina…|搜索餐厅、咖啡馆或菜系…|レストラン・カフェ・料理の種類を検索…|레스토랑, 카페 또는 음식 종류 검색…|ابحث عن مطعم أو مقهى أو نوع مطبخ…|Search for a restaurant, café or cuisine …
Nur Favoriten|Favoris uniquement|Solo preferiti|Solo favoritos|仅显示收藏|お気に入りのみ|즐겨찾기만|المفضلة فقط|Favorites only
Besuchte anzeigen|Afficher les visites effectuées|Mostra già visitati|Mostrar ya visitados|显示已体验项目|訪問済みを表示|방문한 곳 표시|إظهار ما تمت زيارته|Show visited
Favorisieren|Ajouter aux favoris|Aggiungi ai preferiti|Añadir a favoritos|加入收藏|お気に入りに追加|즐겨찾기 추가|إضافة إلى المفضلة|Add to favorites
Favorit entfernen|Retirer des favoris|Rimuovi dai preferiti|Quitar de favoritos|取消收藏|お気に入りから削除|즐겨찾기 해제|إزالة من المفضلة|Remove favorite
Fav entfernen|Retirer des favoris|Rimuovi dai preferiti|Quitar de favoritos|取消收藏|お気に入りから削除|즐겨찾기 해제|إزالة من المفضلة|Remove favorite
Ausblenden|Masquer|Nascondi|Ocultar|隐藏|非表示|숨기기|إخفاء|Hide
Wieder anzeigen|Afficher à nouveau|Mostra di nuovo|Volver a mostrar|重新显示|再表示|다시 표시|إظهار مجددًا|Show again
Besucht|Visité|Visitato|Visitado|已体验|訪問済み|방문 완료|تمت الزيارة|Visited
Besucht entfernen|Retirer la marque de visite|Rimuovi segno di visita|Quitar marca de visitado|取消已体验标记|訪問済みの印を削除|방문 완료 표시 해제|إزالة علامة الزيارة|Remove visited status
Besucht-Tag entfernen|Retirer la marque de visite|Rimuovi segno di visita|Quitar marca de visitado|取消已体验标记|訪問済みの印を削除|방문 완료 표시 해제|إزالة علامة الزيارة|Remove visited tag
Besucht-Tag entfernen?|Retirer la marque « Visité » ?|Rimuovere il segno « Visitato »?|¿Quitar la marca « Visitado »?|要取消“已体验”标记吗？|「訪問済み」の印を削除しますか？|‘방문 완료’ 표시를 해제할까요?|هل تريد إزالة علامة «تمت الزيارة»؟|Remove visited tag?
Als besucht markieren|Marquer comme visité|Segna come visitato|Marcar como visitado|标记为已体验|訪問済みにする|방문 완료로 표시|وضع علامة تمت الزيارة|Mark as visited
Besucht markieren|Marquer comme visité|Segna come visitato|Marcar como visitado|标记为已体验|訪問済みにする|방문 완료로 표시|وضع علامة تمت الزيارة|Mark visited
Ride besucht|Attraction visitée|Attrazione visitata|Atracción visitada|项目已体验|アトラクション訪問済み|어트랙션 방문 완료|تمت تجربة اللعبة|Ride visited
Als Nächstes|À suivre|Come prossima tappa|Ir después|下一个目的地|次に行く|다음 목적지로|الوجهة التالية|Visit next
Als Nächstes gewählt|Choisi comme prochaine étape|Scelto come prossima tappa|Elegido como próximo destino|已设为下一个目的地|次の行き先に選択済み|다음 목적지로 선택됨|تم اختياره كوجهة تالية|Selected as next
Jetzt auf dem Weg|En route|In cammino|En camino|正在前往|移動中|이동 중|في الطريق الآن|On your way now
Aktuelles Ziel|Destination actuelle|Destinazione attuale|Destino actual|当前目的地|現在の目的地|현재 목적지|الوجهة الحالية|Current destination
Nächstes Ziel|Prochaine destination|Prossima destinazione|Próximo destino|下一个目的地|次の目的地|다음 목적지|الوجهة التالية|Next destination
Dorthin navigieren|Y aller|Naviga qui|Cómo llegar|导航至此|ここへのルート案内|여기로 길 안내|التوجه إلى هنا|Navigate here
Auf Karte zeigen|Afficher sur la carte|Mostra sulla mappa|Mostrar en el mapa|在地图上查看|地図で見る|지도에서 보기|عرض على الخريطة|Show on map
Mehr Infos|Plus d’infos|Più informazioni|Más información|更多详情|詳しく見る|자세히 보기|مزيد من المعلومات|More information
Weitere Infos & Bewertungen|Infos et avis|Informazioni e recensioni|Información y opiniones|更多详情与评价|詳細と口コミ|상세 정보 및 리뷰|معلومات وتقييمات إضافية|More information & reviews
Mehr ▾|Plus ▾|Altro ▾|Más ▾|更多 ▾|その他 ▾|더 보기 ▾|المزيد ▾|More ▾
Weniger ▴|Moins ▴|Meno ▴|Menos ▴|收起 ▴|閉じる ▴|접기 ▴|أقل ▴|Less ▴
Zurück|Retour|Indietro|Atrás|返回|戻る|뒤로|رجوع|Back
Schließen|Fermer|Chiudi|Cerrar|关闭|閉じる|닫기|إغلاق|Close
Fenster schließen|Fermer la fenêtre|Chiudi finestra|Cerrar ventana|关闭窗口|画面を閉じる|창 닫기|إغلاق النافذة|Close window
Abbrechen|Annuler|Annulla|Cancelar|取消|キャンセル|취소|إلغاء|Cancel
Fertig|Terminé|Fine|Listo|完成|完了|완료|تم|Done
Verstanden|D’accord|Ho capito|Entendido|知道了|わかりました|확인|فهمت|Got it
Jetzt nicht|Pas maintenant|Non ora|Ahora no|暂时不用|今はしない|나중에|ليس الآن|Not now
Ja, wechseln|Oui, changer|Sì, cambia|Sí, cambiar|是，切换|はい、変更する|네, 변경할게요|نعم، تغيير|Yes, switch
Erneut versuchen|Réessayer|Riprova|Reintentar|重试|もう一度試す|다시 시도|إعادة المحاولة|Try again
Wieder aufnehmen|Reprendre|Riprendi|Retomar|恢复|再開|다시 포함|استئناف|Resume
Für später|Pour plus tard|Per dopo|Para más tarde|稍后再去|後で行く|나중에 방문|لوقت لاحق|For later
Für jetzt überspringen|Passer pour le moment|Salta per ora|Omitir por ahora|暂时跳过|今はスキップ|일단 건너뛰기|التخطي مؤقتًا|Skip for now
Überspringen|Passer|Salta|Omitir|跳过|スキップ|건너뛰기|تخطي|Skip
Skip|Passer|Salta|Omitir|跳过|スキップ|건너뛰기|تخطي|Skip
Besuchte Rides zurücksetzen|Réinitialiser les attractions visitées|Azzera attrazioni visitate|Restablecer atracciones visitadas|重置已体验项目|訪問済みアトラクションをリセット|방문 완료 어트랙션 초기화|إعادة ضبط الألعاب التي تمت تجربتها|Reset visited rides
Übersprungene Rides wieder aufnehmen|Réintégrer les attractions passées|Reinserisci attrazioni saltate|Retomar atracciones omitidas|恢复跳过的项目|スキップしたアトラクションを戻す|건너뛴 어트랙션 다시 포함|إعادة الألعاب التي تم تخطيها|Resume skipped rides
Standard-Favoriten wiederherstellen|Restaurer les favoris par défaut|Ripristina preferiti predefiniti|Restaurar favoritos predeterminados|恢复默认收藏|初期のお気に入りに戻す|기본 즐겨찾기 복원|استعادة المفضلة الافتراضية|Restore default favorites
Standardliste wiederherstellen|Restaurer la liste par défaut|Ripristina elenco predefinito|Restaurar lista predeterminada|恢复默认列表|初期のリストに戻す|기본 목록 복원|استعادة القائمة الافتراضية|Restore default list
App installieren|Installer l’app|Installa l’app|Instalar la app|安装应用|アプリをインストール|앱 설치|تثبيت التطبيق|Install app
App neu laden|Recharger l’app|Ricarica l’app|Recargar la app|重新加载应用|アプリを再読み込み|앱 새로고침|إعادة تحميل التطبيق|Reload app
Auf Updates prüfen|Rechercher une mise à jour|Controlla aggiornamenti|Buscar actualizaciones|检查更新|更新を確認|업데이트 확인|البحث عن تحديثات|Check for updates
Update installieren|Installer la mise à jour|Installa aggiornamento|Instalar actualización|安装更新|更新をインストール|업데이트 설치|تثبيت التحديث|Install update
Update verfügbar|Mise à jour disponible|Aggiornamento disponibile|Actualización disponible|有可用更新|更新があります|업데이트 있음|يتوفر تحديث|Update available
Navigation starten|Démarrer le guidage|Avvia navigazione|Iniciar navegación|开始导航|ルート案内を開始|길 안내 시작|بدء الملاحة|Start navigation
Navigation beenden|Arrêter le guidage|Termina navigazione|Finalizar navegación|结束导航|ルート案内を終了|길 안내 종료|إنهاء الملاحة|End navigation
Zur Navigation|Revenir au guidage|Torna alla navigazione|Volver a la navegación|返回导航|ルート案内へ戻る|길 안내로 돌아가기|العودة إلى الملاحة|Go to navigation
Zurück zur Karte|Revenir à la carte|Torna alla mappa|Volver al mapa|返回地图|地図へ戻る|지도로 돌아가기|العودة إلى الخريطة|Back to map
Route berechnen|Calculer l’itinéraire|Calcola percorso|Calcular ruta|计算路线|ルートを計算|경로 계산|حساب المسار|Calculate route
Route neu berechnen|Recalculer l’itinéraire|Ricalcola percorso|Recalcular ruta|重新计算路线|ルートを再計算|경로 다시 계산|إعادة حساب المسار|Recalculate route
Route ansehen|Voir l’itinéraire|Vedi percorso|Ver ruta|查看路线|ルートを見る|경로 보기|عرض المسار|View route
Meine Route|Mon itinéraire|Il mio percorso|Mi ruta|我的路线|マイルート|내 경로|مساري|My route
Deine Route|Votre itinéraire|Il tuo percorso|Tu ruta|你的路线|あなたのルート|내 경로|مسارك|Your route
Dein Tag.|Votre journée.|La tua giornata.|Tu día.|你的一天。|あなたの一日。|나의 하루.|يومك.|Your day.
Deine kurzen Wege.|Moins de marche.|Meno strada da fare.|Menos caminatas.|少走弯路。|歩く距離を短く。|이동은 더 짧게.|طرقك الأقصر.|Your shortest walks.
Wähle deine Rides|Choisissez vos attractions|Scegli le attrazioni|Elige tus atracciones|选择想体验的项目|アトラクションを選ぶ|어트랙션 선택|اختر ألعابك|Choose your rides
Favoriten auswählen|Choisir des favoris|Scegli i preferiti|Elegir favoritos|选择收藏|お気に入りを選ぶ|즐겨찾기 선택|اختيار المفضلة|Choose favorites
Für eure Familie.|Pour votre famille.|Per la tua famiglia.|Para vuestra familia.|适合你的家人。|ご家族のために。|우리 가족을 위해.|لعائلتكم.|For your family.
Für euren Tag.|Pour votre journée.|Per la tua giornata.|Para vuestro día.|安排你的一天。|一日を楽しむために。|오늘 하루를 위해.|ليومكم.|For your day.
Parkeingang|Entrée du Parc|Ingresso del Parco|Entrada del Parque|乐园入口|パーク入口|파크 입구|مدخل المنتزه|Park entrance
Parkkarte|Carte du Parc|Mappa del Parco|Mapa del Parque|乐园地图|パークマップ|파크 지도|خريطة المنتزه|Park map
Parkmodus|Choix du Parc|Scelta del Parco|Selección de Parque|乐园选择|パーク選択|파크 선택|اختيار المنتزه|Park mode
Park|Parc|Parco|Parque|乐园|パーク|파크|المنتزه|Park
Kartentyp|Type de carte|Tipo di mappa|Tipo de mapa|地图类型|地図の種類|지도 유형|نوع الخريطة|Map type
Karteneinstellungen|Réglages de la carte|Impostazioni mappa|Ajustes del mapa|地图设置|地図の設定|지도 설정|إعدادات الخريطة|Map settings
Wegekarte|Carte des chemins|Mappa dei sentieri|Mapa de caminos|步行地图|歩道マップ|보행 지도|خريطة الممرات|Walking map
3D-Park|Parc en 3D|Parco 3D|Parque 3D|3D乐园|3Dパーク|3D 파크|المنتزه ثلاثي الأبعاد|3D park
Disney-Original|Plan Disney officiel|Mappa Disney originale|Mapa oficial de Disney|迪士尼官方地图|ディズニー公式マップ|디즈니 공식 지도|خريطة ديزني الأصلية|Disney original
Auf der Karte anzeigen|Afficher sur la carte|Mostra sulla mappa|Mostrar en el mapa|在地图上显示|地図に表示|지도에 표시|إظهار على الخريطة|Show on the map
Zusätzlich anzeigen|Afficher aussi|Mostra anche|Mostrar también|附加显示|追加で表示|추가로 표시|إظهار أيضًا|Also show
Toiletten|Toilettes|Servizi igienici|Aseos|洗手间|トイレ|화장실|دورات المياه|Restrooms
Trinkwasserstellen|Fontaines d’eau potable|Fontanelle d’acqua potabile|Fuentes de agua potable|饮水点|給水スポット|식수대|نقاط مياه الشرب|Drinking water fountains
Trinkwasser|Eau potable|Acqua potabile|Agua potable|饮用水|飲料水|식수|مياه الشرب|Drinking water
Restaurants mit Bewertungen|Restaurants avec avis|Ristoranti con recensioni|Restaurantes con valoraciones|餐厅及评分|レストランと評価|평점이 있는 레스토랑|المطاعم مع تقييماتها|Restaurants with ratings
Weg zum Ziel anzeigen|Afficher le chemin jusqu’à la destination|Mostra percorso verso la destinazione|Mostrar camino al destino|显示前往目的地的路线|目的地への道を表示|목적지까지 경로 표시|إظهار الطريق إلى الوجهة|Show route to destination
Karte öffnen|Ouvrir la carte|Apri mappa|Abrir mapa|打开地图|地図を開く|지도 열기|فتح الخريطة|Open map
Karte vergrößern|Agrandir la carte|Ingrandisci mappa|Ampliar mapa|放大地图|地図を拡大|지도 확대|تكبير الخريطة|Enlarge map
Standort|Position|Posizione|Ubicación|位置|現在地|현재 위치|الموقع|Location
Standort aktivieren|Activer la localisation|Attiva posizione|Activar ubicación|启用定位|位置情報を有効にする|위치 정보 켜기|تفعيل الموقع|Enable location
Live-Standort aktivieren|Activer la position en direct|Attiva posizione in tempo reale|Activar ubicación en directo|启用实时定位|現在地の追跡を開始|실시간 위치 켜기|تفعيل الموقع المباشر|Enable live location
Live-Standort aktiv|Position en direct activée|Posizione in tempo reale attiva|Ubicación en directo activa|实时定位已启用|現在地の追跡中|실시간 위치 켜짐|الموقع المباشر مفعّل|Live location enabled
Start auf Karte wählen|Choisir le départ sur la carte|Scegli partenza sulla mappa|Elegir inicio en el mapa|在地图上选择起点|地図で出発点を選ぶ|지도에서 출발점 선택|اختيار نقطة البداية على الخريطة|Choose start on map
Gewählter Start|Départ choisi|Partenza scelta|Inicio elegido|已选起点|選択した出発点|선택한 출발점|نقطة البداية المختارة|Selected start
Standort folgen|Suivre ma position|Segui posizione|Seguir ubicación|跟随位置|現在地を追跡|현재 위치 따라가기|تتبع الموقع|Follow location
Standort folgt|Position suivie|Posizione seguita|Siguiendo ubicación|正在跟随位置|現在地を追跡中|현재 위치 추적 중|جارٍ تتبع الموقع|Following location
Meinem Standort folgen|Suivre ma position|Segui la mia posizione|Seguir mi ubicación|跟随我的位置|現在地を追跡|내 위치 따라가기|تتبع موقعي|Follow my location
Gehrichtung|Direction de marche|Direzione di marcia|Dirección de marcha|行走方向|進行方向|이동 방향|اتجاه المشي|Walking direction
Gehrichtung aktiv|Direction de marche activée|Direzione di marcia attiva|Dirección de marcha activa|行走方向已启用|進行方向に合わせています|이동 방향 표시 켜짐|اتجاه المشي مفعّل|Walking direction enabled
Fußwege|Chemins piétons|Percorsi pedonali|Caminos peatonales|步行道路|歩道|보행로|الممرات|Footpaths
Gebäude stilisiert|Bâtiments stylisés|Edifici stilizzati|Edificios estilizados|建筑为示意模型|建物は簡略化モデル|건물은 단순화된 모델|المباني بنماذج مبسطة|Stylized buildings
Originalplan|Plan officiel|Mappa originale|Mapa original|官方原图|公式原図|공식 원본 지도|الخريطة الأصلية|Original map
nicht maßstabsgetreu|pas à l’échelle|non in scala|no está a escala|非等比例绘制|縮尺は正確ではありません|정확한 축척이 아님|ليست بمقياس دقيق|not to scale
Minimum|Réduit|Minimo|Mínimo|最小|最小|최소|الحد الأدنى|Minimum
Normal|Normal|Normale|Normal|普通|通常|기본|عادي|Normal
Größer|Agrandie|Più grande|Ampliado|较大|拡大|확대|أكبر|Larger
Vollbild|Plein écran|Schermo intero|Pantalla completa|全屏|全画面|전체 화면|ملء الشاشة|Fullscreen
Sheet: {0}. Zum Ändern ziehen oder tippen.|Panneau : {0}. Glissez ou touchez pour changer la taille.|Pannello: {0}. Trascina o tocca per cambiare dimensione.|Panel: {0}. Desliza o toca para cambiar el tamaño.|面板：{0}。拖动或轻触可调整大小。|パネル：{0}。ドラッグまたはタップでサイズを変更。|패널: {0}. 드래그하거나 탭하여 크기를 변경하세요.|اللوحة: {0}. اسحب أو اضغط لتغيير الحجم.|Sheet: {0}. Drag or tap to change.
Online|En ligne|Online|En línea|在线|オンライン|온라인|متصل|Online
Offline|Hors connexion|Offline|Sin conexión|离线|オフライン|오프라인|غير متصل|Offline
Unbekannt|Inconnu|Sconosciuto|Desconocido|未知|不明|알 수 없음|غير معروف|Unknown
Details|Détails|Dettagli|Detalles|详情|詳細|상세 정보|التفاصيل|Details
Foto|Photo|Foto|Foto|照片|写真|사진|صورة|Photo
Wischen für weitere Bilder|Balayez pour voir les autres photos|Scorri per altre foto|Desliza para ver más fotos|滑动查看更多照片|スワイプして他の写真を見る|스와이프하여 사진 더 보기|اسحب لرؤية المزيد من الصور|Swipe for more photos
Nächstes Foto|Photo suivante|Foto successiva|Foto siguiente|下一张照片|次の写真|다음 사진|الصورة التالية|Next photo
Vorheriges Foto|Photo précédente|Foto precedente|Foto anterior|上一张照片|前の写真|이전 사진|الصورة السابقة|Previous photo
Foto gerade nicht verfügbar|Photo indisponible pour le moment|Foto al momento non disponibile|Foto no disponible ahora|照片暂时无法显示|写真を表示できません|현재 사진을 볼 수 없음|الصورة غير متاحة حاليًا|Photo currently unavailable
Foto schließen|Fermer la photo|Chiudi foto|Cerrar foto|关闭照片|写真を閉じる|사진 닫기|إغلاق الصورة|Close photo
Foto {0} von {1} vergrößern: {2}|Agrandir la photo {0} sur {1} : {2}|Ingrandisci foto {0} di {1}: {2}|Ampliar foto {0} de {1}: {2}|放大第{0}／{1}张照片：{2}|写真{0}／{1}を拡大：{2}|사진 {0}/{1} 확대: {2}|تكبير الصورة {0} من {1}: {2}|Enlarge photo {0} of {1}: {2}
Foto {0}|Photo {0}|Foto {0}|Foto {0}|照片{0}|写真{0}|사진 {0}|الصورة {0}|Photo {0}
Fotos: {0}|Photos : {0}|Foto: {0}|Fotos: {0}|照片：{0}|写真：{0}|사진: {0}|صور: {0}|Photos: {0}
{0} Bilder|{0} photos|{0} foto|{0} fotos|{0}张照片|写真{0}枚|사진 {0}장|{0} صور|{0} photos
Auf Karte zeigen: {0}|Afficher sur la carte : {0}|Mostra sulla mappa: {0}|Mostrar en el mapa: {0}|在地图上查看：{0}|地図で見る：{0}|지도에서 보기: {0}|عرض على الخريطة: {0}|Show on map: {0}
Infos: {0}|Informations : {0}|Informazioni: {0}|Información: {0}|详情：{0}|詳細：{0}|상세 정보: {0}|معلومات: {0}|Information: {0}
Favorisieren: {0}|Ajouter aux favoris : {0}|Aggiungi ai preferiti: {0}|Añadir a favoritos: {0}|收藏：{0}|お気に入りに追加：{0}|즐겨찾기 추가: {0}|إضافة إلى المفضلة: {0}|Add to favorites: {0}
Favorit entfernen: {0}|Retirer des favoris : {0}|Rimuovi dai preferiti: {0}|Quitar de favoritos: {0}|取消收藏：{0}|お気に入りから削除：{0}|즐겨찾기 해제: {0}|إزالة من المفضلة: {0}|Remove favorite: {0}
Besucht-Tag entfernen: {0}|Retirer la marque de visite : {0}|Rimuovi segno di visita: {0}|Quitar marca de visitado: {0}|取消已体验标记：{0}|訪問済みの印を削除：{0}|방문 완료 표시 해제: {0}|إزالة علامة الزيارة: {0}|Remove visited tag: {0}
Als besucht markieren: {0}|Marquer comme visité : {0}|Segna come visitato: {0}|Marcar como visitado: {0}|标记为已体验：{0}|訪問済みにする：{0}|방문 완료로 표시: {0}|وضع علامة تمت الزيارة: {0}|Mark as visited: {0}
Wieder anzeigen: {0}|Afficher à nouveau : {0}|Mostra di nuovo: {0}|Volver a mostrar: {0}|重新显示：{0}|再表示：{0}|다시 표시: {0}|إظهار مجددًا: {0}|Show again: {0}
Für jetzt überspringen: {0}|Passer pour le moment : {0}|Salta per ora: {0}|Omitir por ahora: {0}|暂时跳过：{0}|今はスキップ：{0}|일단 건너뛰기: {0}|التخطي مؤقتًا: {0}|Skip for now: {0}
Tagesstatistik für {0} öffnen|Ouvrir les statistiques du jour pour {0}|Apri statistiche giornaliere di {0}|Abrir estadísticas del día de {0}|查看{0}的当日统计|{0}の一日の統計を見る|{0}의 일일 통계 열기|فتح إحصاءات اليوم لـ {0}|Open daily statistics for {0}
