a better Disneyland Paris App Startseite|Accueil a better Disneyland Paris App|Pagina iniziale di a better Disneyland Paris App|Inicio de a better Disneyland Paris App|a better Disneyland Paris App 首页|a better Disneyland Paris App ホーム|a better Disneyland Paris App 홈|الصفحة الرئيسية لـ a better Disneyland Paris App
App öffnen|Ouvrir l’app|Apri l’app|Abrir la app|打开应用|アプリを開く|앱 열기|فتح التطبيق
DEIN BEGLEITER FÜR DISNEYLAND PARIS|VOTRE COMPAGNON À DISNEYLAND PARIS|IL TUO COMPAGNO A DISNEYLAND PARIS|TU COMPAÑERO EN DISNEYLAND PARIS|你的巴黎迪士尼乐园助手|ディズニーランド・パリのお供に|디즈니랜드 파리 여행 도우미|رفيقك في ديزني لاند باريس
Die App für Disneyland Paris.|L’app pour Disneyland Paris.|L’app per Disneyland Paris.|La app para Disneyland Paris.|畅游巴黎迪士尼乐园的应用。|ディズニーランド・パリのためのアプリ。|디즈니랜드 파리를 위한 앱.|تطبيق ليومك في ديزني لاند باريس.
Deine Favoriten, eine interaktive 3D-Karte und aktuelle Warte- und Showzeiten. Plane deinen Tag und finde zu Fuß zum nächsten Erlebnis.|Vos favoris, un plan 3D interactif et les temps d’attente et horaires des spectacles à jour. Organisez votre journée et trouvez le chemin vers votre prochaine aventure.|I tuoi preferiti, una mappa 3D interattiva e tempi di attesa e orari degli spettacoli aggiornati. Organizza la giornata e trova il percorso a piedi verso la prossima esperienza.|Tus favoritos, un mapa 3D interactivo y tiempos de espera y horarios de espectáculos actualizados. Organiza tu día y encuentra el camino a pie a tu próxima aventura.|收藏喜欢的项目，查看互动3D地图、当前排队时间和演出时间，规划一天的行程并步行前往下一站。|お気に入り、操作できる3Dマップ、最新の待ち時間とショー時刻。一日の予定を立て、次の楽しみまで歩くルートを見つけましょう。|즐겨찾기, 자유롭게 움직이는 3D 지도, 최신 대기 시간과 공연 시간을 한곳에서 확인하세요. 하루 일정을 계획하고 다음 목적지까지 걸어가는 길을 찾으세요.|مفضلتك وخريطة تفاعلية ثلاثية الأبعاد وأوقات الانتظار والعروض الحالية. خطّط ليومك واعثر على طريق المشي إلى تجربتك التالية.
So funktioniert’s|Comment ça marche|Come funziona|Cómo funciona|使用方法|使い方|이용 방법|كيف يعمل
Kostenlos · Ohne Anmeldung · Im Browser und als Web-App|Gratuit · Sans inscription · Dans le navigateur ou en web-app|Gratis · Senza registrazione · Nel browser e come web app|Gratis · Sin registro · En el navegador y como app web|免费 · 无需登录 · 浏览器或网页应用均可使用|無料 · 登録不要 · ブラウザでもWebアプリでも|무료 · 가입 없이 · 브라우저 또는 웹 앱으로|مجانًا · دون تسجيل · في المتصفح أو كتطبيق ويب
Stilisierte Parkkarte mit einem Weg zwischen Favoriten|Illustration du plan du parc avec un itinéraire entre les favoris|Mappa illustrata del parco con un percorso tra i preferiti|Mapa ilustrado del parque con una ruta entre favoritos|园区地图示意图，展示收藏项目之间的路线|お気に入りを結ぶルートを描いたパークマップのイラスト|즐겨찾기를 연결하는 경로가 있는 파크 지도 일러스트|رسم لخريطة المنتزه مع طريق يربط المفضلة
Deine nächste Station|Votre prochaine étape|La tua prossima tappa|Tu próxima parada|你的下一站|次の目的地|다음 목적지|وجهتك التالية
Deine Favoriten|Vos favoris|I tuoi preferiti|Tus favoritos|你的收藏|お気に入り|즐겨찾기|مفضلتك
Du wählst. Die Karte zeigt den Weg.|Vous choisissez. Le plan vous guide.|Tu scegli. La mappa ti guida.|Tú eliges. El mapa te guía.|你来选择，地图带路。|選ぶのはあなた。道はマップにおまかせ。|원하는 곳을 고르면 지도가 길을 안내해요.|أنت تختار والخريطة ترشدك.
Illustration der Parkkarte|Illustration du plan du parc|Illustrazione della mappa del parco|Ilustración del mapa del parque|园区地图示意图|パークマップのイラスト|파크 지도 일러스트|رسم توضيحي لخريطة المنتزه
ALLES FÜR DEINEN PARKTAG|TOUT POUR VOTRE JOURNÉE AU PARC|TUTTO PER LA TUA GIORNATA AL PARCO|TODO PARA TU DÍA EN EL PARQUE|畅游乐园所需尽在这里|パークでの一日に必要なものを|파크에서의 하루를 위한 모든 것|كل ما تحتاجه ليومك في المنتزه
Ein Plan, der zu euch passt.|Un programme qui vous ressemble.|Un programma su misura per voi.|Un plan a vuestra medida.|为你们量身规划的一天。|みんなに合った一日のプラン。|우리 가족에게 맞는 계획.|خطة تناسبكم.
Deine Favoriten zuerst|Vos favoris avant tout|Prima i tuoi preferiti|Tus favoritos primero|先选出你的最爱|まずはお気に入りを|즐겨찾기부터 선택하세요|مفضلتك أولًا
Wähle Rides und Shows aus. Filter nach Altersgruppe und Hinweise zur Mindestgröße helfen bei der Auswahl für eure Familie.|Choisissez vos attractions et spectacles. Les filtres par âge et les indications de taille minimum vous aident à choisir en famille.|Scegli attrazioni e spettacoli. I filtri per fascia d’età e le indicazioni sull’altezza minima aiutano a trovare le esperienze adatte alla famiglia.|Elige atracciones y espectáculos. Los filtros por edad y las indicaciones de altura mínima te ayudan a escoger para toda la familia.|选择游乐项目和演出，通过年龄组筛选和最低身高提示，为全家挑选合适的体验。|アトラクションとショーを選びましょう。年齢層の絞り込みや身長制限の案内で、家族に合った体験が見つかります。|어트랙션과 공연을 선택하세요. 연령대 필터와 최소 신장 안내로 가족에게 맞는 체험을 고를 수 있어요.|اختر الألعاب والعروض. تساعدك فلاتر الفئة العمرية وإرشادات الحد الأدنى للطول على اختيار ما يناسب عائلتك.
Den nächsten Weg finden|Trouver le prochain chemin|Trova il prossimo percorso|Encuentra tu próximo camino|找到通往下一站的路|次の目的地への道を見つける|다음 목적지까지 길 찾기|اعثر على الطريق التالي
Bewege die 3D-Parkkarte und navigiere auf den Parkwegen. Toiletten, Trinkwasserstellen und Restaurants kannst du bei Bedarf einblenden.|Manipulez le plan 3D et suivez les chemins du parc. Affichez les toilettes, les points d’eau potable et les restaurants selon vos besoins.|Muovi la mappa 3D e segui i percorsi del parco. Puoi visualizzare servizi igienici, fontanelle e ristoranti quando ti servono.|Mueve el mapa 3D y sigue los caminos del parque. Puedes mostrar los baños, las fuentes de agua potable y los restaurantes cuando los necesites.|自由移动3D园区地图，沿园区步道导航，按需显示洗手间、饮水点和餐厅。|3Dパークマップを動かして園内の道をナビゲート。必要に応じてトイレ、給水スポット、レストランも表示できます。|3D 파크 지도를 움직이며 파크 길을 따라 이동하세요. 필요할 때 화장실, 식수대, 레스토랑을 표시할 수 있어요.|حرّك خريطة المنتزه ثلاثية الأبعاد وتنقّل على ممراته. يمكنك إظهار دورات المياه ونقاط مياه الشرب والمطاعم عند الحاجة.
Die Zeit im Blick|Garder un œil sur le temps|Tieni d’occhio i tempi|Ten los tiempos a la vista|掌握时间安排|時間をチェック|시간을 한눈에|تابع الوقت
Sieh aktuelle Wartezeiten und die nächste Vorstellung. Beim Anstehen hilft dir ein Check-in, deine eigene Wartezeit zu erfassen.|Consultez les temps d’attente actuels et la prochaine représentation. En file d’attente, un check-in permet de mesurer votre propre attente.|Controlla i tempi di attesa attuali e la prossima rappresentazione. Quando sei in coda, un check-in ti permette di misurare il tuo tempo di attesa.|Consulta los tiempos de espera actuales y la próxima sesión. Al ponerte en la cola, un check-in te permite medir tu propia espera.|查看当前排队时间和下一场演出。开始排队时签到，即可记录自己的实际等待时间。|最新の待ち時間と次の公演を確認。列に並ぶときにチェックインすると、自分の待ち時間を計測できます。|최신 대기 시간과 다음 공연을 확인하세요. 줄을 설 때 체크인하면 실제 대기 시간을 기록할 수 있어요.|اطّلع على أوقات الانتظار الحالية والعرض التالي. عند الوقوف في الطابور، يساعدك تسجيل الوصول على قياس وقت انتظارك الفعلي.
Bereit für euren Parktag?|Prêts pour votre journée au parc ?|Pronti per la giornata al parco?|¿Listos para vuestro día en el parque?|准备好畅游乐园了吗？|パークでの一日、準備はできましたか？|파크에서의 하루, 준비되셨나요?|هل أنتم مستعدون ليومكم في المنتزه؟
Starte direkt im Browser. Auf dem Handy kannst du die App zum Home-Bildschirm hinzufügen.|Lancez l’app directement dans votre navigateur. Sur votre téléphone, vous pouvez l’ajouter à l’écran d’accueil.|Inizia direttamente nel browser. Sul telefono puoi aggiungere l’app alla schermata Home.|Empieza directamente en el navegador. En el móvil puedes añadir la app a la pantalla de inicio.|直接在浏览器中开始使用，也可在手机上将应用添加到主屏幕。|ブラウザですぐに使えます。スマートフォンではホーム画面に追加することもできます。|브라우저에서 바로 시작하세요. 휴대전화에서는 홈 화면에 앱을 추가할 수 있어요.|ابدأ مباشرة في المتصفح. على الهاتف يمكنك إضافة التطبيق إلى الشاشة الرئيسية.
a better Disneyland Paris App · Unabhängiges Projekt|a better Disneyland Paris App · Projet indépendant|a better Disneyland Paris App · Progetto indipendente|a better Disneyland Paris App · Proyecto independiente|a better Disneyland Paris App · 独立项目|a better Disneyland Paris App · 独立したプロジェクト|a better Disneyland Paris App · 독립 프로젝트|a better Disneyland Paris App · مشروع مستقل
Kartendaten:|Données cartographiques :|Dati cartografici:|Datos del mapa:|地图数据：|地図データ：|지도 데이터:|بيانات الخرائط:
Wartezeiten:|Temps d’attente :|Tempi di attesa:|Tiempos de espera:|排队时间：|待ち時間：|대기 시간:|أوقات الانتظار:
Die App findest du jetzt unter /App. Die Startseite erklärt die Funktionen. Favoriten und Einstellungen bleiben erhalten.|L’app se trouve désormais sous /App. La page d’accueil présente ses fonctionnalités. Vos favoris et réglages sont conservés.|Ora trovi l’app sotto /App. La pagina iniziale ne presenta le funzioni. Preferiti e impostazioni restano salvati.|Ahora la app está en /App. La página de inicio explica sus funciones. Tus favoritos y ajustes se conservan.|应用现已移至 /App，首页介绍各项功能。收藏和设置保持不变。|アプリは /App に移動しました。トップページで機能を紹介しています。お気に入りと設定はそのままです。|이제 앱은 /App에 있습니다. 첫 페이지에서 기능을 소개합니다. 즐겨찾기와 설정은 유지됩니다.|أصبح التطبيق متاحًا تحت /App. تعرض الصفحة الرئيسية ميزاته. تبقى المفضلة والإعدادات محفوظة.
a better Disneyland Paris App – 3D-Karte, Wartezeiten und Routen|a better Disneyland Paris App – carte 3D, temps d’attente et itinéraires|a better Disneyland Paris App – mappa 3D, tempi di attesa e percorsi|a better Disneyland Paris App – mapa 3D, tiempos de espera y rutas|a better Disneyland Paris App – 3D地图、等候时间与路线|a better Disneyland Paris App – 3Dマップ、待ち時間、ルート|a better Disneyland Paris App – 3D 지도, 대기 시간과 경로|a better Disneyland Paris App – خريطة ثلاثية الأبعاد وأوقات الانتظار والمسارات
Plane deinen Tag in Disneyland Paris: Favoriten, interaktive 3D-Parkkarte, Live-Wartezeiten, Showzeiten und Fußwege. Kostenlos im Browser, ohne Anmeldung.|Organisez votre journée à Disneyland Paris : favoris, carte 3D interactive, temps d’attente en direct, horaires des spectacles et itinéraires à pied. Gratuit dans le navigateur, sans inscription.|Organizza la tua giornata a Disneyland Paris: preferiti, mappa 3D interattiva, tempi di attesa in tempo reale, orari degli spettacoli e percorsi a piedi. Gratis nel browser, senza registrazione.|Organiza tu día en Disneyland Paris: favoritos, mapa 3D interactivo, tiempos de espera en directo, horarios de espectáculos y rutas a pie. Gratis en el navegador, sin registro.|规划巴黎迪士尼乐园的一天：收藏、互动3D乐园地图、实时等候时间、演出时间和步行路线。浏览器免费使用，无需注册。|お気に入り、操作できる3Dマップ、リアルタイムの待ち時間、ショーの時刻、徒歩ルートでディズニーランド・パリの一日を計画。ブラウザーで無料、登録不要。|즐겨찾기, 인터랙티브 3D 파크 지도, 실시간 대기 시간, 공연 시간과 도보 경로로 디즈니랜드 파리에서의 하루를 계획하세요. 브라우저에서 무료로, 가입 없이 이용할 수 있습니다.|خطّط ليومك في ديزني لاند باريس: المفضّلة وخريطة تفاعلية ثلاثية الأبعاد وأوقات الانتظار المباشرة ومواعيد العروض ومسارات المشي. مجانًا في المتصفح دون تسجيل.
a better Disneyland Paris App – dein Tag in Disneyland Paris|a better Disneyland Paris App – votre journée à Disneyland Paris|a better Disneyland Paris App – la tua giornata a Disneyland Paris|a better Disneyland Paris App – tu día en Disneyland Paris|a better Disneyland Paris App – 你的巴黎迪士尼乐园之旅|a better Disneyland Paris App – ディズニーランド・パリでの一日|a better Disneyland Paris App – 디즈니랜드 파리에서의 하루|a better Disneyland Paris App – يومك في ديزني لاند باريس
Favoriten auswählen, Wartezeiten im Blick behalten und den Weg zum nächsten Erlebnis finden. Direkt im Browser, ohne Anmeldung.|Choisissez vos favoris, gardez un œil sur les temps d’attente et trouvez le chemin de votre prochaine aventure. Directement dans le navigateur, sans inscription.|Scegli i tuoi preferiti, controlla i tempi di attesa e trova la strada per la prossima esperienza. Direttamente nel browser, senza registrazione.|Elige tus favoritos, consulta los tiempos de espera y encuentra el camino hacia tu próxima experiencia. Directamente en el navegador, sin registro.|选择收藏、查看等候时间，找到前往下一个精彩体验的路线。直接在浏览器中使用，无需注册。|お気に入りを選び、待ち時間を確認して、次の体験への道を見つけましょう。ブラウザーからすぐに使えます。登録は不要です。|즐겨찾기를 선택하고 대기 시간을 확인하며 다음 즐길 거리로 가는 길을 찾으세요. 브라우저에서 바로, 가입 없이 이용하세요.|اختر مفضّلتك وتابع أوقات الانتظار واعثر على الطريق إلى تجربتك التالية. مباشرة في المتصفح دون تسجيل.
DEIN PARKTAG. EINFACH BESSER.|VOTRE JOURNÉE AU PARC. TOUT SIMPLEMENT MIEUX.|LA TUA GIORNATA AL PARCO. SEMPLICEMENTE MIGLIORE.|TU DÍA EN EL PARQUE. SIMPLEMENTE MEJOR.|让乐园之旅更轻松。|パークでの一日を、もっと快適に。|파크에서의 하루를 더 편하게.|يومك في الحديقة. ببساطة أفضل.
MEHR MAGIE. WENIGER UMWEGE.|PLUS DE MAGIE. MOINS DE DÉTOURS.|PIÙ MAGIA. MENO DEVIAZIONI.|MÁS MAGIA. MENOS RODEOS.|更多奇妙体验，少走弯路。|もっと魔法を。遠回りは少なく。|더 많은 마법, 더 적은 우회.|مزيد من السحر. طرق أقصر.
Der Park in deiner Hand.|Le parc au creux de votre main.|Il parco nel palmo della tua mano.|El parque en la palma de tu mano.|乐园尽在掌中。|パークを手のひらに。|손안에 담긴 파크.|الحديقة بين يديك.
3D-Karte. Dein Weg.|Carte 3D. Votre itinéraire.|Mappa 3D. Il tuo percorso.|Mapa 3D. Tu ruta.|3D地图，你的路线。|3Dマップ。あなたのルート。|3D 지도, 나만의 경로.|خريطة ثلاثية الأبعاد. طريقك.
Direkt im Browser.|Directement dans le navigateur.|Direttamente nel browser.|Directamente en el navegador.|直接在浏览器中使用。|ブラウザーですぐに。|브라우저에서 바로.|مباشرة في المتصفح.
Interaktive Parkkarte|Carte interactive du parc|Mappa interattiva del parco|Mapa interactivo del parque|互动乐园地图|操作できるパークマップ|인터랙티브 파크 지도|خريطة تفاعلية للحديقة
Wartezeiten & Shows|Temps d’attente et spectacles|Tempi di attesa e spettacoli|Tiempos de espera y espectáculos|等候时间与演出|待ち時間とショー|대기 시간과 공연|أوقات الانتظار والعروض
Sprachen|Langues|Lingue|Idiomas|种语言|言語|개 언어|لغات
Dein Tag. Deine Favoriten.|Votre journée. Vos favoris.|La tua giornata. I tuoi preferiti.|Tu día. Tus favoritos.|你的一天，你的收藏。|あなたの一日。あなたのお気に入り。|나의 하루, 나의 즐겨찾기.|يومك. مفضّلتك.
Mehr erleben.|Profitez davantage.|Vivi più esperienze.|Disfruta más.|体验更多精彩。|もっと楽しもう。|더 많이 즐기세요.|استمتع أكثر.
Weniger planen.|Planifiez moins.|Pianifica meno.|Planifica menos.|少为规划费心。|計画の手間を減らして。|계획은 더 간편하게.|خطّط بجهد أقل.
DEIN NÄCHSTES ABENTEUER|VOTRE PROCHAINE AVENTURE|LA TUA PROSSIMA AVVENTURA|TU PRÓXIMA AVENTURA|你的下一场冒险|次の冒険へ|다음 모험을 향해|مغامرتك التالية
Unabhängiges Projekt. Nicht mit Disney verbunden.|Projet indépendant, sans affiliation avec Disney.|Progetto indipendente, non affiliato a Disney.|Proyecto independiente, sin afiliación con Disney.|独立项目，与迪士尼无隶属关系。|Disneyとは関係のない独立プロジェクトです。|Disney와 제휴하지 않은 독립 프로젝트입니다.|مشروع مستقل غير تابع لشركة Disney.
Echte App-Ansicht mit 3D-Parkkarte und Fußweg zum nächsten Ziel|Vue réelle de l’application avec carte 3D du parc et itinéraire à pied vers la prochaine étape|Schermata reale dell’app con mappa 3D del parco e percorso a piedi verso la prossima tappa|Vista real de la app con mapa 3D del parque y ruta a pie al siguiente destino|真实应用画面：3D乐园地图与前往下一目的地的步行路线|実際のアプリ画面：3Dパークマップと次の目的地への徒歩ルート|실제 앱 화면: 3D 파크 지도와 다음 목적지까지의 도보 경로|لقطة فعلية للتطبيق تعرض خريطة ثلاثية الأبعاد ومسار المشي إلى الوجهة التالية
App-Vorschau öffnen|Ouvrir l’aperçu de l’application|Apri l’anteprima dell’app|Abrir la vista previa de la app|打开应用预览|アプリのプレビューを開く|앱 미리보기 열기|فتح معاينة التطبيق
Seitennavigation|Navigation du site|Navigazione del sito|Navegación del sitio|网站导航|サイトナビゲーション|사이트 탐색|تصفّح الموقع
Die neue Startseite und die App tragen jetzt den Namen a better Disneyland Paris App.|La nouvelle page d’accueil et l’application portent désormais le nom a better Disneyland Paris App.|La nuova pagina iniziale e l’app si chiamano ora a better Disneyland Paris App.|La nueva página de inicio y la app se llaman ahora a better Disneyland Paris App.|全新首页和应用现已更名为 a better Disneyland Paris App。|新しいトップページとアプリの名前が a better Disneyland Paris App になりました。|새 홈페이지와 앱 이름이 a better Disneyland Paris App으로 변경되었습니다.|أصبح اسم الصفحة الرئيسية الجديدة والتطبيق الآن a better Disneyland Paris App.
Kostenlos|Gratuit|Gratis|Gratis|免费|無料|무료|مجانًا
Ohne Anmeldung|Sans inscription|Senza registrazione|Sin registro|无需注册|登録不要|가입 없이|دون تسجيل
App-Funktionen|Fonctionnalités de l’application|Funzioni dell’app|Funciones de la app|应用功能|アプリの機能|앱 기능|ميزات التطبيق
Live|En direct|In tempo reale|En directo|实时|リアルタイム|실시간|مباشر
