Disney-Infos|Informations Disney|Informazioni Disney|Información de Disney|迪士尼官方信息|ディズニー情報|디즈니 정보|معلومات ديزني
Offizielle Disney-Infos|Informations Disney officielles|Informazioni Disney ufficiali|Información oficial de Disney|迪士尼官方信息|ディズニー公式情報|디즈니 공식 정보|معلومات ديزني الرسمية
Disney-Verzeichnis|Répertoire Disney|Catalogo Disney|Catálogo de Disney|迪士尼项目目录|ディズニーの一覧|디즈니 목록|دليل ديزني
Originalseite bei Disney ↗|Page officielle Disney ↗|Pagina ufficiale Disney ↗|Página oficial de Disney ↗|迪士尼官方页面 ↗|ディズニー公式ページ ↗|디즈니 공식 페이지 ↗|صفحة ديزني الرسمية ↗
Disney-Altersgruppe|Tranche d’âge Disney|Fascia d’età Disney|Grupo de edad de Disney|迪士尼年龄分组|ディズニーの年齢区分|디즈니 연령대|الفئة العمرية لدى ديزني
Disney-Altersgruppen ↗|Tranches d’âge Disney ↗|Fasce d’età Disney ↗|Grupos de edad de Disney ↗|迪士尼年龄分组 ↗|ディズニーの年齢区分 ↗|디즈니 연령대 ↗|الفئات العمرية لدى ديزني ↗
Alle Altersgruppen|Tous âges|Tutte le età|Todas las edades|所有年龄段|全年齢|모든 연령|جميع الأعمار
All Ages|Tous âges|Tutte le età|Todas las edades|所有年龄段|全年齢|모든 연령|جميع الأعمار
Kleinkinder|Tout-petits|Bambini piccoli|Niños pequeños|幼儿|幼児|유아|الأطفال الصغار
Kleine Kinder|Tout-petits|Bambini piccoli|Niños pequeños|幼儿|幼児|유아|الأطفال الصغار
Kinder|Enfants|Bambini|Niños|儿童|子ども|어린이|الأطفال
Ältere Kinder|Préadolescents|Preadolescenti|Preadolescentes|较大的儿童|小学校高学年|초등 고학년|الأطفال الأكبر سنًا
Jugendliche|Adolescents|Adolescenti|Adolescentes|青少年|ティーン|청소년|المراهقون
Erwachsene|Adultes|Adulti|Adultos|成人|大人|성인|البالغون
Kinder bis Erwachsene|Des enfants aux adultes|Dai bambini agli adulti|De niños a adultos|儿童至成人|子どもから大人まで|어린이부터 성인까지|من الأطفال إلى البالغين
Ältere Kinder bis Erwachsene|Des préadolescents aux adultes|Dai preadolescenti agli adulti|De preadolescentes a adultos|较大的儿童至成人|小学校高学年から大人まで|초등 고학년부터 성인까지|من الأطفال الأكبر سنًا إلى البالغين
Ab 1 Jahr|À partir de 1 an|Da 1 anno|A partir de 1 año|1岁及以上|1歳以上|1세 이상|من عمر سنة
From the age of 1 year|À partir de 1 an|Da 1 anno|A partir de 1 año|1岁及以上|1歳以上|1세 이상|من عمر سنة
ab {0} Jahren|à partir de {0} ans|da {0} anni|a partir de {0} años|{0}岁及以上|{0}歳以上|{0}세 이상|من عمر {0} سنوات
{0}–{1} Jahre|{0}–{1} ans|{0}–{1} anni|{0}–{1} años|{0}至{1}岁|{0}〜{1}歳|{0}~{1}세|من {0} إلى {1} سنة
Disney: Altersangabe fehlt|Disney : âge non indiqué|Disney: età non indicata|Disney: edad no indicada|迪士尼：未提供年龄分组|ディズニー：年齢区分の記載なし|디즈니: 연령 정보 없음|ديزني: العمر غير محدد
Kindertipp: {0}|Conseil pour les enfants : {0}|Consiglio per i bambini: {0}|Recomendación infantil: {0}|儿童体验建议：{0}|子ども向けの目安：{0}|어린이 추천: {0}|اقتراح للأطفال: {0}
Mindestgröße|Taille minimum|Altezza minima|Altura mínima|最低身高|身長制限|최소 키|الحد الأدنى للطول
Keine Mindestgröße|Pas de taille minimum|Nessuna altezza minima|Sin altura mínima|无最低身高要求|身長制限なし|키 제한 없음|لا يوجد حد أدنى للطول
Mindestgröße: {0} cm|Taille minimum : {0} cm|Altezza minima: {0} cm|Altura mínima: {0} cm|最低身高：{0}厘米|必要な身長：{0}cm|최소 키: {0}cm|الحد الأدنى للطول: {0} سم
Unter {0} cm begleitet|Accompagnement en dessous de {0} cm|Accompagnato sotto {0} cm|Acompañado por debajo de {0} cm|低于{0}厘米须有人陪同|{0}cm未満は同伴が必要|{0}cm 미만은 동반 필요|دون {0} سم يلزم مرافق
Unter {0} cm ist Begleitung erforderlich.|Un accompagnement est nécessaire en dessous de {0} cm.|Sotto {0} cm è richiesto un accompagnatore.|Por debajo de {0} cm se necesita acompañante.|低于{0}厘米需要有人陪同。|{0}cm未満は同伴者が必要です。|{0}cm 미만은 동반자가 필요해요.|يلزم مرافق لمن يقل طوله عن {0} سم.
nur begleitet|accompagnement nécessaire|solo con accompagnatore|solo con acompañante|须有人陪同|同伴が必要|동반 필수|مع مرافق فقط
{0}: Größenregel prüfen|{0} : vérifiez la règle de taille|{0}: verifica il requisito di altezza|{0}: comprueba el requisito de altura|{0}：请确认身高要求|{0}：身長の条件を確認|{0}: 키 제한 확인 필요|{0}: تحقّق من شروط الطول
{0}: ✕ zu klein|{0} : ✕ taille insuffisante|{0}: ✕ altezza insufficiente|{0}: ✕ no alcanza la altura|{0}：✕ 未达到身高要求|{0}：✕ 身長が足りません|{0}: ✕ 키 미달|{0}: ✕ الطول غير كافٍ
ab {0} cm|à partir de {0} cm|da {0} cm|a partir de {0} cm|{0}厘米及以上|{0}cm以上|{0}cm 이상|من {0} سم
{0} cm; es fehlen {1} cm zur Mindestgröße. Quelle: offizielles Disney-Verzeichnis.|{0} cm ; il manque {1} cm pour la taille minimum. Source : répertoire officiel Disney.|{0} cm; mancano {1} cm all’altezza minima. Fonte: catalogo ufficiale Disney.|{0} cm; faltan {1} cm para la altura mínima. Fuente: catálogo oficial de Disney.|身高{0}厘米；距离最低身高还差{1}厘米。来源：迪士尼官方目录。|身長{0}cm。必要な身長まであと{1}cmです。出典：ディズニー公式一覧。|키 {0}cm, 최소 키까지 {1}cm 부족해요. 출처: 디즈니 공식 목록.|الطول {0} سم؛ ينقص {1} سم عن الحد الأدنى. المصدر: دليل ديزني الرسمي.
Keine verifizierte Größenangabe hinterlegt.|Aucun critère de taille vérifié disponible.|Nessun requisito di altezza verificato disponibile.|No hay requisito de altura verificado.|暂无已核实的身高要求。|確認済みの身長条件はありません。|확인된 키 제한 정보가 없어요.|لا تتوفر معلومات موثقة عن شرط الطول.
Intensive Attraktion|Attraction à sensations fortes|Attrazione adrenalinica|Atracción intensa|刺激型游乐项目|スリルのあるアトラクション|스릴이 강한 어트랙션|لعبة شديدة الإثارة
Intensive Attraktion; passend zur Größe bedeutet nicht automatisch passend für das Kind.|Attraction intense : la taille suffisante ne garantit pas qu’elle convienne à l’enfant.|Attrazione intensa: rispettare l’altezza non significa necessariamente che sia adatta al bambino.|Atracción intensa: cumplir la altura no garantiza que sea adecuada para el niño.|这是刺激型项目；达到身高要求并不代表一定适合孩子。|刺激の強いアトラクションです。身長条件を満たしていても、お子さまに適しているとは限りません。|스릴이 강한 어트랙션이에요. 키 조건을 충족해도 아이에게 적합하다는 뜻은 아니에요.|اللعبة شديدة الإثارة؛ استيفاء شرط الطول لا يعني بالضرورة أنها مناسبة للطفل.
Kann kleinere Kinder erschrecken|Peut effrayer les plus petits|Può spaventare i più piccoli|Puede asustar a los más pequeños|可能使年幼儿童感到害怕|小さなお子さまには怖い場合があります|어린아이에게 무서울 수 있어요|قد تخيف الأطفال الصغار
Auch für kleinere Kinder gedacht|Adaptée aussi aux plus petits|Pensata anche per i più piccoli|Pensada también para los más pequeños|也适合年幼儿童体验|小さなお子さまも楽しめます|어린아이도 즐길 수 있어요|مخصصة أيضًا للأطفال الصغار
Familienerlebnis|Aventure en famille|Esperienza per famiglie|Aventura familiar|家庭体验|ファミリー向け|가족 체험|تجربة عائلية
Spritzwasser möglich|Vous pouvez être éclaboussé|Potresti bagnarti|Puedes salpicarte|可能被水溅湿|水がかかる場合があります|물이 튈 수 있어요|قد تتعرض لرذاذ الماء
Rundgang / Spaziergang|Promenade|Passeggiata|Paseo|步行游览|散策|산책|جولة سيرًا
Botanischer Rundgang|Promenade botanique|Passeggiata botanica|Paseo botánico|植物园漫步|植物を楽しむ散策|식물 산책|جولة نباتية
Bühnenshow|Spectacle sur scène|Spettacolo teatrale|Espectáculo en escenario|舞台演出|ステージショー|무대 공연|عرض مسرحي
Abendshow|Spectacle nocturne|Spettacolo serale|Espectáculo nocturno|夜间演出|ナイトショー|야간 공연|عرض ليلي
Feuerwerk|Feu d’artifice|Fuochi d’artificio|Fuegos artificiales|烟花|花火|불꽃놀이|ألعاب نارية
Konzert|Concert|Concerto|Concierto|音乐会|コンサート|콘서트|حفل موسيقي
Virtuelle Warteschlange|File d’attente virtuelle|Coda virtuale|Cola virtual|虚拟排队|バーチャルキュー|가상 대기 줄|طابور افتراضي
Reservierter Zuschauerbereich verfügbar|Zone de vision réservée disponible|Area spettatori riservata disponibile|Zona de visionado reservada disponible|提供预留观赏区|専用鑑賞エリアがあります|예약 관람 구역 이용 가능|تتوفر منطقة مشاهدة محجوزة
Zugang & Hinweise|Accès et conseils|Accesso e indicazioni|Acceso y avisos|使用条件与提示|利用条件と注意事項|이용 조건 및 안내|الدخول والإرشادات
Umsteigen aus dem Rollstuhl erforderlich|Transfert depuis le fauteuil roulant nécessaire|Trasferimento dalla sedia a rotelle richiesto|Es necesario trasladarse desde la silla de ruedas|需要从轮椅转移至座位|車いすからの移乗が必要です|휠체어에서 좌석으로 이동해야 해요|يلزم الانتقال من الكرسي المتحرك
Zustieg mit Rollstuhl möglich|Accès à bord en fauteuil roulant possible|Accesso a bordo con sedia a rotelle possibile|Se puede acceder con silla de ruedas|可使用轮椅进入|車いすのまま利用できます|휠체어로 탑승 가능|يمكن الدخول بالكرسي المتحرك
Eigenständiges Gehen und Treppensteigen erforderlich|Il faut pouvoir marcher et monter des escaliers sans aide|È necessario camminare e salire le scale autonomamente|Debes poder caminar y subir escaleras sin ayuda|需要能独立行走及上下楼梯|自力で歩行し、階段を上る必要があります|스스로 걷고 계단을 오를 수 있어야 해요|يلزم القدرة على المشي وصعود الدرج دون مساعدة
Assistenzhunde zugelassen|Chiens guides et d’assistance acceptés|Cani guida e da assistenza ammessi|Perros guía y de asistencia permitidos|允许导盲犬及辅助犬进入|盲導犬・補助犬同伴可|안내견 및 보조견 동반 가능|يُسمح بكلاب الإرشاد والمساعدة
Assistenzhunde nicht zugelassen|Chiens guides et d’assistance non acceptés|Cani guida e da assistenza non ammessi|No se permiten perros guía ni de asistencia|不允许导盲犬及辅助犬进入|盲導犬・補助犬同伴不可|안내견 및 보조견 동반 불가|لا يُسمح بكلاب الإرشاد والمساعدة
Audiobeschreibung verfügbar|Audiodescription disponible|Audiodescrizione disponibile|Audiodescripción disponible|提供口述影像服务|音声解説があります|음성 해설 제공|يتوفر وصف صوتي
Wenig oder keine Blitzlichteffekte laut Disney|Peu ou pas de flashs selon Disney|Pochi o nessun effetto lampeggiante secondo Disney|Pocos o ningún destello según Disney|据迪士尼信息，闪光效果很少或没有|ディズニーによると点滅効果は少ないか、ありません|디즈니에 따르면 섬광 효과가 적거나 없어요|حسب ديزني، تأثيرات الوميض قليلة أو معدومة
Laut Disney für Schwangere zugänglich|Accessible aux femmes enceintes selon Disney|Accessibile in gravidanza secondo Disney|Accesible para embarazadas según Disney|据迪士尼信息，孕妇可体验|ディズニーによると妊娠中の方も利用できます|디즈니에 따르면 임신 중 이용 가능|حسب ديزني، متاحة للحوامل
Laut Disney für Schwangere nicht geeignet|Déconseillée aux femmes enceintes selon Disney|Non adatta in gravidanza secondo Disney|No adecuada para embarazadas según Disney|据迪士尼信息，不适合孕妇体验|ディズニーによると妊娠中の方には適しません|디즈니에 따르면 임신 중에는 적합하지 않아요|حسب ديزني، غير مناسبة للحوامل
Laut Disney für Gäste mit Schwierigkeiten beim Stehen geeignet|Adaptée aux personnes ayant du mal à rester debout selon Disney|Adatta a chi ha difficoltà a stare in piedi secondo Disney|Adecuada para personas con dificultad para estar de pie según Disney|据迪士尼信息，适合站立困难的游客|ディズニーによると立つことが難しい方も利用できます|디즈니에 따르면 서 있기 어려운 분도 이용 가능|حسب ديزني، مناسبة لمن يجدون صعوبة في الوقوف
Laut Disney für sehbehinderte Gäste geeignet|Adaptée aux personnes malvoyantes selon Disney|Adatta agli ospiti ipovedenti secondo Disney|Adecuada para personas con baja visión según Disney|据迪士尼信息，适合弱视游客|ディズニーによると弱視の方も利用できます|디즈니에 따르면 저시력 이용객도 이용 가능|حسب ديزني، مناسبة لضعاف البصر
Laut Disney für hörbehinderte Gäste geeignet|Adaptée aux personnes malentendantes selon Disney|Adatta agli ospiti con disabilità uditiva secondo Disney|Adecuada para personas con discapacidad auditiva según Disney|据迪士尼信息，适合听力障碍游客|ディズニーによると聴覚に障がいのある方も利用できます|디즈니에 따르면 청각 장애 이용객도 이용 가능|حسب ديزني، مناسبة لذوي الإعاقة السمعية
Für blinde Gäste: Begleitung ab 15 Jahren erforderlich|Pour les personnes aveugles : accompagnant d’au moins 15 ans nécessaire|Per gli ospiti non vedenti: accompagnatore di almeno 15 anni richiesto|Para personas ciegas: se requiere acompañante de al menos 15 años|视障游客须由至少15岁的人员陪同|目の見えない方は15歳以上の同伴者が必要です|시각 장애 이용객은 15세 이상 동반자가 필요해요|للمكفوفين: يلزم مرافق بعمر 15 سنة على الأقل
Bei kognitiver Einschränkung, Autismus oder psychischer Erkrankung: Begleitung ab 15 Jahren erforderlich|En cas de handicap cognitif, d’autisme ou de trouble psychique : accompagnant d’au moins 15 ans nécessaire|In caso di disabilità cognitiva, autismo o disturbi psichici: accompagnatore di almeno 15 anni richiesto|En caso de discapacidad cognitiva, autismo o trastorno psíquico: se requiere acompañante de al menos 15 años|有认知障碍、自闭症或精神疾病的游客须由至少15岁的人员陪同|認知障がい、自閉症、精神疾患のある方は15歳以上の同伴者が必要です|인지 장애, 자폐 또는 정신 질환이 있는 경우 15세 이상 동반자가 필요해요|في حالات الإعاقة الإدراكية أو التوحّد أو الاضطرابات النفسية: يلزم مرافق بعمر 15 سنة على الأقل
Bei Gliedmaßenatrophie hängt der Zugang vom Einzelfall ab; Disney-Service fragen|En cas d’atrophie d’un membre, l’accès dépend de la situation ; renseignez-vous auprès de Disney|In caso di atrofia degli arti, l’accesso dipende dal caso; chiedi al servizio Disney|En caso de atrofia de extremidades, el acceso depende de cada caso; consulta a Disney|有肢体萎缩的游客能否体验须视具体情况而定，请咨询迪士尼工作人员|四肢の萎縮がある方の利用条件は個別に異なります。ディズニーのスタッフに確認してください|팔다리 위축이 있는 경우 개별 상황에 따라 이용 여부가 달라요. 디즈니 직원에게 문의하세요|في حالات ضمور الأطراف، يعتمد الدخول على الحالة؛ اسأل فريق ديزني
Disney nennt Zugang bei Erkrankung oder vorübergehender körperlicher Einschränkung|Disney fournit des indications d’accès en cas de maladie ou de limitation physique temporaire|Disney fornisce indicazioni di accesso per malattie o limitazioni fisiche temporanee|Disney ofrece indicaciones de acceso en caso de enfermedad o limitación física temporal|迪士尼对疾病或暂时性身体障碍提供使用条件说明|ディズニーは病気や一時的な身体の不自由に関する利用条件を案内しています|디즈니는 질병 또는 일시적 신체 제약에 대한 이용 안내를 제공해요|توضح ديزني شروط الدخول في حالات المرض أو العوائق الجسدية المؤقتة
Disney nennt gesundheitliche Einschränkungen; vollständige Zugangsvorgaben vor Ort prüfen|Disney signale des restrictions de santé ; vérifiez toutes les conditions d’accès sur place|Disney segnala restrizioni sanitarie; verifica tutte le condizioni di accesso sul posto|Disney indica restricciones de salud; comprueba todas las condiciones de acceso allí|迪士尼列有健康限制，请在现场确认完整的使用条件|ディズニーは健康上の制限を設けています。現地で利用条件の詳細を確認してください|디즈니가 건강상 제한을 안내하고 있어요. 전체 이용 조건은 현장에서 확인하세요|تذكر ديزني قيودًا صحية؛ تحقّق من شروط الدخول الكاملة في الموقع
Weitere individuelle Zugangsvorgaben stehen auf der Originalseite.|D’autres conditions d’accès individuelles figurent sur la page officielle.|Ulteriori condizioni individuali di accesso sono sulla pagina ufficiale.|Encontrarás otras condiciones individuales de acceso en la página oficial.|更多个人适用条件请查看官方原始页面。|個別の利用条件の詳細は公式ページで確認してください。|개인별 추가 이용 조건은 공식 페이지에서 확인하세요.|تجد شروط الدخول الفردية الإضافية في الصفحة الرسمية.
Angaben aus dem Disney-Verzeichnis und der öffentlichen Detailseite.|Informations issues du répertoire Disney et de la page officielle.|Informazioni dal catalogo Disney e dalla pagina pubblica ufficiale.|Información del catálogo de Disney y su página oficial.|信息来自迪士尼目录及公开的官方详情页面。|ディズニーの一覧と公開されている公式詳細ページの情報です。|디즈니 목록과 공개된 공식 상세 페이지의 정보예요.|المعلومات من دليل ديزني وصفحة التفاصيل الرسمية العامة.
Basisangaben aus dem Disney-Verzeichnis; ergänzende Detailangaben nicht verfügbar.|Informations de base du répertoire Disney ; détails supplémentaires indisponibles.|Informazioni di base dal catalogo Disney; dettagli aggiuntivi non disponibili.|Información básica del catálogo de Disney; no hay detalles adicionales.|仅有迪士尼目录中的基本信息，暂无补充详情。|ディズニー一覧の基本情報です。追加の詳細情報はありません。|디즈니 목록의 기본 정보예요. 추가 상세 정보는 없어요.|معلومات أساسية من دليل ديزني؛ التفاصيل الإضافية غير متاحة.
Keine gespeicherten Disney-Infos für dieses Ziel.|Aucune information Disney enregistrée pour cette destination.|Nessuna informazione Disney salvata per questa destinazione.|No hay información Disney guardada para este destino.|尚未保存此地点的迪士尼信息。|この行き先のディズニー情報は保存されていません。|이 목적지의 디즈니 정보가 저장되어 있지 않아요.|لا توجد معلومات ديزني محفوظة لهذه الوجهة.
Für diesen Bahnhof gibt es keinen eigenen Disney-Eintrag.|Disney ne propose pas de page dédiée à cette gare.|Disney non ha una pagina dedicata a questa stazione.|Disney no tiene una página específica para esta estación.|迪士尼没有为此车站提供单独的目录条目。|この駅にはディズニーの専用ページがありません。|이 역에는 별도의 디즈니 항목이 없어요.|لا يوجد في دليل ديزني إدخال مستقل لهذه المحطة.
Besucherbewertungen|Avis des visiteurs|Recensioni dei visitatori|Opiniones de visitantes|游客评价|来園者の評価|방문객 평가|تقييمات الزوار
Besucherbewertungen von|Avis des visiteurs sur|Recensioni dei visitatori su|Opiniones de visitantes en|游客评价来源：|来園者の評価：|방문객 평가 출처|تقييمات الزوار من
Bewertung noch nicht verfügbar|Note indisponible pour le moment|Valutazione non ancora disponibile|Valoración aún no disponible|暂无评分|評価はまだありません|아직 평점이 없어요|التقييم غير متاح بعد
Gespeicherte Bewertung|Note enregistrée|Valutazione salvata|Valoración guardada|已保存的评分|保存された評価|저장된 평점|تقييم محفوظ
abgerufen {0}|consultée le {0}|consultata il {0}|consultada el {0}|获取于{0}|取得日：{0}|확인일 {0}|تم الاطلاع عليه في {0}
{0} Bewertungen|{0} avis|{0} recensioni|{0} opiniones|{0}条评价|口コミ{0}件|리뷰 {0}개|عدد التقييمات: {0}
von 5, {0} Bewertungen|sur 5, {0} avis|su 5, {0} recensioni|sobre 5, {0} opiniones|满分5分，{0}条评价|5点満点、口コミ{0}件|5점 만점, 리뷰 {0}개|من 5، عدد التقييمات: {0}
wenige Bewertungen|peu d’avis|poche recensioni|pocas opiniones|评价数量较少|口コミが少なめ|리뷰 수가 적음|عدد التقييمات قليل
Auch Rides mit weniger als 10 Bewertungen|Inclure les attractions avec moins de 10 avis|Includi attrazioni con meno di 10 recensioni|Incluir atracciones con menos de 10 opiniones|也显示评价少于10条的项目|口コミ10件未満も表示|리뷰 10개 미만 어트랙션도 표시|إظهار الألعاب التي لديها أقل من 10 تقييمات أيضًا
Fahrdaten: RCDB|Données techniques : RCDB|Dati tecnici: RCDB|Datos técnicos: RCDB|设施技术数据：RCDB|走行データ：RCDB|운행 정보: RCDB|بيانات التشغيل: RCDB
Bis ca. {0} km/h|Jusqu’à env. {0} km/h|Fino a circa {0} km/h|Hasta aprox. {0} km/h|最高约{0}公里／小时|最高約{0}km/h|최대 약 {0}km/h|حتى نحو {0} كم/ساعة
{0} Überschläge|{0} inversions|{0} inversioni|{0} inversiones|{0}次翻转|反転{0}回|역전 {0}회|عدد الانقلابات: {0}
G-Kräfte: bis {0} g|Force G : jusqu’à {0} g|Forza G: fino a {0} g|Fuerzas G: hasta {0} g|G力：最高{0}g|G：最大{0}g|중력가속도: 최대 {0}g|قوة الجاذبية: حتى {0} g
G-Kräfte: keine verlässliche Angabe|Force G : aucune donnée fiable|Forza G: nessun dato attendibile|Fuerzas G: sin datos fiables|G力：暂无可靠数据|G：信頼できるデータなし|중력가속도: 신뢰할 수 있는 정보 없음|قوة الجاذبية: لا تتوفر بيانات موثوقة
Wartezeit-Statistik|Statistiques d’attente|Statistiche di attesa|Estadísticas de espera|等候时间统计|待ち時間の統計|대기 시간 통계|إحصاءات الانتظار
Durchschnitt im Tagesverlauf|Attente moyenne au fil de la journée|Attesa media durante la giornata|Espera media a lo largo del día|一天中各时段的平均等候时间|時間帯ごとの平均待ち時間|시간대별 평균 대기 시간|متوسط الانتظار خلال اليوم
Ø Tagesverlauf|Moyenne par heure|Media per orario|Media por hora|各时段平均值|時間帯別平均|시간대별 평균|المتوسط حسب الوقت
Wartezeiten heute|Attente aujourd’hui|Attese di oggi|Esperas de hoy|今日等候时间|今日の待ち時間|오늘의 대기 시간|أوقات الانتظار اليوم
Wartezeiten im Tagesverlauf|Attente au fil de la journée|Attese durante la giornata|Esperas a lo largo del día|一天中的等候时间变化|一日の待ち時間の推移|하루 동안의 대기 시간|أوقات الانتظار خلال اليوم
Kleinstes Ø|Moyenne minimale|Media minima|Media mínima|最低平均值|最小平均|최소 평균|أدنى متوسط
Größtes Ø|Moyenne maximale|Media massima|Media máxima|最高平均值|最大平均|최대 평균|أعلى متوسط
Ø zeitgewichtet|Moyenne pondérée par la durée|Media ponderata nel tempo|Media ponderada por tiempo|按持续时间加权的平均值|時間で重み付けした平均|시간 가중 평균|متوسط موزون بالمدة
15-Minuten-Mittel|Moyennes sur 15 minutes|Medie su 15 minuti|Medias de 15 minutos|15分钟平均值|15分ごとの平均|15분 평균|متوسطات كل 15 دقيقة
gespeicherte Daten der letzten 30 Tage|données enregistrées des 30 derniers jours|dati salvati degli ultimi 30 giorni|datos guardados de los últimos 30 días|最近30天保存的数据|過去30日間の保存データ|최근 30일의 저장된 데이터|بيانات محفوظة لآخر 30 يومًا
Über das Diagramm wischen, um Uhrzeit und Werte abzulesen.|Glissez sur le graphique pour voir l’heure et les valeurs.|Scorri sul grafico per vedere orari e valori.|Desliza por el gráfico para ver la hora y los valores.|在图表上滑动，可查看对应时间和数值。|グラフをスワイプすると時刻と数値を確認できます。|그래프를 스와이프하여 시간과 값을 확인하세요.|اسحب على الرسم لمعرفة الوقت والقيم.
Jetzt {0}|Maintenant {0}|Adesso {0}|Ahora {0}|现在{0}|現在{0}|현재 {0}|الآن {0}
keine Messung|aucune mesure|nessuna misurazione|sin medición|无测量数据|測定なし|측정값 없음|لا يوجد قياس
erfasster Tag|jour enregistré|giorno registrato|día registrado|个有记录的日期|日分の記録|일 기록|يوم مسجّل
erfasste Tage|jours enregistrés|giorni registrati|días registrados|个有记录的日期|日分の記録|일 기록|أيام مسجّلة
{0} erfasste Tage|{0} jours enregistrés|{0} giorni registrati|{0} días registrados|记录了{0}天|{0}日分の記録|{0}일 기록|عدد الأيام المسجلة: {0}
{0} erfasster Tag|{0} jour enregistré|{0} giorno registrato|{0} día registrado|记录了{0}天|{0}日分の記録|{0}일 기록|عدد الأيام المسجلة: {0}
{0} Datenpunkte|{0} mesures|{0} misurazioni|{0} mediciones|{0}个数据点|データ{0}件|측정값 {0}개|عدد القياسات: {0}
Ortszeit Paris|Heure locale de Paris|Ora locale di Parigi|Hora local de París|巴黎当地时间|パリの現地時間|파리 현지 시간|توقيت باريس المحلي
Uhr (Paris)|heure de Paris|ora di Parigi|hora de París|（巴黎时间）|（パリ時間）|(파리 시간)|(بتوقيت باريس)
{0} Uhr|{0}|{0}|{0}|{0}|{0}|{0}|الساعة {0}
Durchschnittliche Wartezeiten in 15-Minuten-Fenstern|Temps d’attente moyens par tranches de 15 minutes|Attese medie in intervalli di 15 minuti|Esperas medias en intervalos de 15 minutos|每15分钟时段的平均等候时间|15分間隔の平均待ち時間|15분 구간별 평균 대기 시간|متوسط الانتظار لفترات من 15 دقيقة
Durchschnitt nur ab regulärer Öffnung + 15 Min. bis Schließung − 15 Min. Extra Magic Time zählt nicht. Ohne bestätigte Parkzeiten kein Durchschnitt.|Moyenne calculée de 15 min après l’ouverture normale à 15 min avant la fermeture. Extra Magic Time exclu. Pas de moyenne sans horaires de Parc confirmés.|Media calcolata da 15 min dopo l’apertura regolare a 15 min prima della chiusura. Extra Magic Time escluso. Senza orari del Parco confermati non si calcola la media.|La media abarca desde 15 min después de la apertura normal hasta 15 min antes del cierre. No incluye Extra Magic Time. Sin horarios confirmados no se calcula la media.|平均值仅统计正常开园15分钟后至闭园前15分钟，不包含Extra Magic Time。园区营业时间未经确认时，不计算平均值。|通常開園の15分後から閉園15分前までを平均に含めます。Extra Magic Timeは含みません。営業時間が未確認の場合、平均は表示しません。|평균은 정규 개장 15분 후부터 폐장 15분 전까지 계산해요. Extra Magic Time은 제외해요. 운영 시간이 확인되지 않으면 평균을 계산하지 않아요.|يُحسب المتوسط من 15 دقيقة بعد الافتتاح المعتاد إلى 15 دقيقة قبل الإغلاق. لا يشمل Extra Magic Time. لا يُحسب متوسط دون مواعيد تشغيل مؤكدة.
Je Zeitfenster zählt nur die tatsächlich erfasste Dauer offener Warteschlangen.|Chaque tranche tient compte uniquement de la durée mesurée des files ouvertes.|Ogni intervallo considera solo la durata effettivamente registrata delle code aperte.|Cada intervalo cuenta solo la duración registrada de las colas abiertas.|每个时段只统计开放队列中实际记录到的持续时间。|各時間帯では、運営中の列で実際に記録した時間のみを集計します。|각 구간에서는 운영 중인 대기 줄에서 실제 기록한 시간만 반영해요.|تُحسب في كل فترة فقط المدة المسجّلة فعليًا للطوابير المفتوحة.
Nur Messwerte offener Warteschlangen. Unveränderte Werte werden fortgeschrieben.|Mesures des files ouvertes uniquement. Les valeurs inchangées sont prolongées.|Solo misurazioni delle code aperte. I valori invariati vengono mantenuti nel tempo.|Solo mediciones de colas abiertas. Los valores sin cambios se mantienen en el tiempo.|仅统计开放队列。未发生变化的数值会延续记录。|運営中の列の測定値のみです。変化のない値は継続して記録します。|운영 중인 대기 줄의 측정값만 포함해요. 변하지 않은 값은 계속 기록돼요.|قياسات الطوابير المفتوحة فقط. تُمدّد القيم التي لم تتغيّر.
Lücken bedeuten keine Messung, nicht 0 Minuten. Ortszeit Paris.|Les trous indiquent une absence de mesure, pas une attente de zéro minute. Heure locale de Paris.|Le lacune indicano dati mancanti, non un’attesa di zero minuti. Ora locale di Parigi.|Los huecos indican falta de mediciones, no una espera de cero minutos. Hora local de París.|图表空缺表示没有测量数据，不代表等候0分钟。时间为巴黎当地时间。|空白は測定値がないことを示し、待ち時間0分という意味ではありません。時刻はパリ時間です。|빈 구간은 측정값이 없다는 뜻이며 대기 시간이 0분이라는 의미가 아니에요. 파리 현지 시간 기준이에요.|الفجوات تعني عدم وجود قياس، لا انتظارًا مدته صفر دقيقة. التوقيت محلي لباريس.
Für heute noch keine Messwerte gespeichert.|Aucune mesure enregistrée pour aujourd’hui.|Nessuna misurazione salvata per oggi.|Aún no hay mediciones guardadas para hoy.|今天尚未保存测量数据。|今日の測定値はまだ保存されていません。|오늘 저장된 측정값이 아직 없어요.|لا توجد قياسات محفوظة لليوم بعد.
Noch keine Messwerte innerhalb bestätigter regulärer Öffnungszeiten für den Durchschnitt.|Pas encore de mesures pendant les horaires normaux confirmés pour calculer la moyenne.|Non ci sono ancora misurazioni negli orari regolari confermati per calcolare la media.|Aún no hay mediciones en el horario normal confirmado para calcular la media.|尚无已确认的正常营业时段内的测量数据，暂无法计算平均值。|確認済みの通常営業時間内の測定値がまだないため、平均を計算できません。|확인된 정규 운영 시간 내의 측정값이 없어 평균을 계산할 수 없어요.|لا توجد قياسات ضمن ساعات التشغيل المعتادة المؤكدة لحساب المتوسط بعد.
Tagesverlauf wird geladen …|Chargement de l’évolution du jour…|Caricamento andamento giornaliero…|Cargando evolución del día…|正在加载当日变化曲线…|一日の推移を読み込み中…|일일 추이 불러오는 중…|جارٍ تحميل بيانات اليوم…
Tagesverlauf momentan nicht verfügbar.|Évolution du jour momentanément indisponible.|Andamento giornaliero al momento non disponibile.|Evolución del día no disponible por ahora.|当日变化曲线暂不可用。|一日の推移を現在表示できません。|현재 일일 추이를 볼 수 없어요.|بيانات اليوم غير متاحة حاليًا.
Tagesverlauf nicht geladen.|Évolution du jour non chargée.|Andamento giornaliero non caricato.|Evolución del día sin cargar.|未加载当日变化曲线。|一日の推移は未読み込みです。|일일 추이를 불러오지 못했어요.|لم تُحمّل بيانات اليوم.
Messwerte bisher ab {0} Uhr. Davor fehlen gespeicherte Daten.|Mesures disponibles à partir de {0}. Aucune donnée enregistrée avant.|Misurazioni disponibili dalle {0}. Prima non ci sono dati salvati.|Mediciones disponibles desde las {0}. No hay datos anteriores guardados.|测量数据从{0}起提供，之前没有保存的数据。|測定値は{0}以降です。それ以前の保存データはありません。|측정값은 {0}부터 있어요. 그 이전에는 저장된 데이터가 없어요.|القياسات متاحة بدءًا من {0}. لا توجد بيانات محفوظة قبل ذلك.
Ø-Fenster heute: {0} Uhr.|Période de moyenne aujourd’hui : {0}.|Intervallo della media oggi: {0}.|Intervalo de media de hoy: {0}.|今日平均值统计时段：{0}。|今日の平均の対象時間帯：{0}。|오늘 평균 계산 구간: {0}.|فترة المتوسط اليوم: {0}.
Abweichung vom Normalwert:|Écart par rapport à la référence :|Differenza dal valore di riferimento:|Diferencia respecto a la referencia:|与参考平均值相比：|基準値との差：|기준값 대비 차이:|الاختلاف عن القيمة المرجعية:
Vergleichswerte werden gesammelt|Collecte des valeurs de référence|Raccolta dei valori di riferimento|Recopilando valores de referencia|正在收集参考数据|比較用データを収集中|비교 기준값 수집 중|جارٍ جمع القيم المرجعية
Median aus {0} Messungen; {1}|Médiane de {0} mesures ; {1}|Mediana di {0} misurazioni; {1}|Mediana de {0} mediciones; {1}|{0}次测量的中位数；{1}|{0}回の測定の中央値：{1}|측정 {0}회의 중앙값; {1}|وسيط {0} قياسات؛ {1}
ähnliche Tageszeit, letzte 30 Tage|même créneau horaire, 30 derniers jours|fascia oraria simile, ultimi 30 giorni|hora similar, últimos 30 días|最近30天的相近时段|過去30日間の同じ時間帯|최근 30일의 비슷한 시간대|وقت مشابه من اليوم، آخر 30 يومًا
letzte 6 Stunden|6 dernières heures|ultime 6 ore|últimas 6 horas|最近6小时|過去6時間|최근 6시간|آخر 6 ساعات
historischer Durchschnitt von Queue-Times.com, gesamter Zeitraum|moyenne historique Queue-Times.com, toute la période|media storica Queue-Times.com, intero periodo|media histórica de Queue-Times.com, todo el período|Queue-Times.com全时段历史平均值|Queue-Times.comの全期間の過去平均|Queue-Times.com 전체 기간의 과거 평균|المتوسط التاريخي من Queue-Times.com لكل الفترة
