3D konnte nicht geladen werden|Impossible de charger la 3D|Impossibile caricare il 3D|No se ha podido cargar el 3D|无法加载3D地图|3Dマップを読み込めません|3D 지도를 불러오지 못했어요|تعذّر تحميل الخريطة ثلاثية الأبعاد
3D wird wiederhergestellt …|Restauration de la 3D…|Ripristino del 3D…|Restaurando el 3D…|正在恢复3D地图…|3Dマップを復元中…|3D 지도 복구 중…|جارٍ استعادة الخريطة ثلاثية الأبعاد…
3D-Fehlerdiagnose|Diagnostic des erreurs 3D|Diagnostica errori 3D|Diagnóstico de errores 3D|3D错误诊断|3Dエラー診断|3D 오류 진단|تشخيص أخطاء العرض ثلاثي الأبعاد
Handymodell|Modèle du téléphone|Modello del telefono|Modelo del móvil|手机型号|スマートフォンの機種|휴대폰 모델|طراز الهاتف
Fehlerbericht senden|Envoyer un rapport d’erreur|Invia segnalazione errore|Enviar informe de error|发送错误报告|エラーレポートを送信|오류 보고서 보내기|إرسال تقرير خطأ
Fehlerbericht wird gesendet …|Envoi du rapport d’erreur…|Invio segnalazione errore…|Enviando informe de error…|正在发送错误报告…|エラーレポートを送信中…|오류 보고서 보내는 중…|جارٍ إرسال تقرير الخطأ…
Fehlerbericht gesendet|Rapport d’erreur envoyé|Segnalazione errore inviata|Informe de error enviado|错误报告已发送|エラーレポートを送信しました|오류 보고서를 보냈어요|تم إرسال تقرير الخطأ
Bericht gespeichert|Rapport enregistré|Segnalazione salvata|Informe guardado|报告已保存|レポートを保存しました|보고서를 저장했어요|تم حفظ التقرير
wird bei Verbindung erneut gesendet.|sera renvoyé une fois la connexion rétablie.|sarà reinviato quando torna la connessione.|se reenviará al recuperar la conexión.|联网后将重新发送。|接続が戻ったら再送します。|연결되면 다시 보내요.|سيُعاد إرساله عند توفر الاتصال.
Noch kein Bericht gesendet.|Aucun rapport envoyé pour le moment.|Nessuna segnalazione inviata.|Aún no se ha enviado ningún informe.|尚未发送报告。|まだレポートは送信されていません。|아직 보낸 보고서가 없어요.|لم يُرسل أي تقرير بعد.
z. B. iPhone 15 Pro|par ex. iPhone 15 Pro|ad es. iPhone 15 Pro|p. ej. iPhone 15 Pro|例如iPhone 15 Pro|例：iPhone 15 Pro|예: iPhone 15 Pro|مثل iPhone 15 Pro
Aktuelle App wird geladen …|Chargement de l’app à jour…|Caricamento dell’app aggiornata…|Cargando la app actualizada…|正在加载最新应用…|最新のアプリを読み込み中…|최신 앱 불러오는 중…|جارٍ تحميل التطبيق المحدث…
Du verwendest die aktuelle Version.|Vous utilisez la dernière version.|Stai usando la versione aggiornata.|Estás usando la última versión.|你正在使用最新版本。|最新バージョンを使用しています。|최신 버전을 사용 중이에요.|تستخدم أحدث إصدار.
App-Version wird geprüft …|Vérification de la version de l’app…|Verifica versione dell’app…|Comprobando la versión de la app…|正在检查应用版本…|アプリのバージョンを確認中…|앱 버전 확인 중…|جارٍ التحقق من إصدار التطبيق…
App-Version {0}|Version de l’app {0}|Versione dell’app {0}|Versión de la app {0}|应用版本{0}|アプリのバージョン{0}|앱 버전 {0}|إصدار التطبيق {0}
Server {0}|Serveur {0}|Server {0}|Servidor {0}|服务器版本{0}|サーバー{0}|서버 {0}|الخادم {0}
Neue Version verfügbar. Antippen, um sie zu laden.|Nouvelle version disponible. Touchez pour la charger.|Nuova versione disponibile. Tocca per caricarla.|Nueva versión disponible. Toca para cargarla.|有新版本可用，点击加载。|新しいバージョンがあります。タップして読み込んでください。|새 버전이 있어요. 탭하여 불러오세요.|يتوفر إصدار جديد. اضغط لتحميله.
unter Info installieren.|à installer dans Infos.|installa in Info.|instalar en Información.|可在“信息”中安装。|「情報」でインストールできます。|정보에서 설치하세요.|ثبّته من قسم معلومات.
Version kann gerade nicht geprüft werden.|Impossible de vérifier la version pour le moment.|Impossibile verificare la versione al momento.|No se puede comprobar la versión ahora.|暂时无法检查版本。|現在バージョンを確認できません。|현재 버전을 확인할 수 없어요.|لا يمكن التحقق من الإصدار حاليًا.
Update-Prüfung momentan nicht möglich.|Impossible de rechercher une mise à jour pour le moment.|Impossibile controllare gli aggiornamenti al momento.|No se pueden buscar actualizaciones ahora.|暂时无法检查更新。|現在更新を確認できません。|현재 업데이트를 확인할 수 없어요.|تعذّر التحقق من التحديثات حاليًا.
Bitte erneut anmelden|Reconnectez-vous|Accedi di nuovo|Vuelve a iniciar sesión|请重新登录|もう一度ログインしてください|다시 로그인하세요|يرجى تسجيل الدخول مجددًا
Zur Anmeldung|Se connecter|Accedi|Iniciar sesión|前往登录|ログインへ|로그인하기|تسجيل الدخول
Deine weletapi-Sitzung ist abgelaufen.|Votre session weletapi a expiré.|La sessione weletapi è scaduta.|Tu sesión de weletapi ha caducado.|你的weletapi会话已过期。|weletapiのセッションが切れました。|weletapi 세션이 만료되었어요.|انتهت جلسة weletapi.
Bitte erneut bei weletapi anmelden.|Reconnectez-vous à weletapi.|Accedi di nuovo a weletapi.|Vuelve a iniciar sesión en weletapi.|请重新登录weletapi。|weletapiに再度ログインしてください。|weletapi에 다시 로그인하세요.|سجّل الدخول إلى weletapi مجددًا.
Bitte kurz warten und erneut versuchen.|Patientez un instant puis réessayez.|Attendi un momento e riprova.|Espera un momento y reinténtalo.|请稍等片刻后重试。|少し待ってからもう一度お試しください。|잠시 기다린 후 다시 시도하세요.|انتظر قليلًا ثم أعد المحاولة.
Der Browser antwortet nicht. Bitte erneut versuchen.|Le navigateur ne répond pas. Réessayez.|Il browser non risponde. Riprova.|El navegador no responde. Reinténtalo.|浏览器没有响应，请重试。|ブラウザが応答していません。もう一度お試しください。|브라우저가 응답하지 않아요. 다시 시도하세요.|المتصفح لا يستجيب. أعد المحاولة.
Daten werden geladen …|Chargement des données…|Caricamento dati…|Cargando datos…|正在加载数据…|データを読み込み中…|데이터 불러오는 중…|جارٍ تحميل البيانات…
Die Karte konnte nicht geladen werden.|Impossible de charger la carte.|Impossibile caricare la mappa.|No se ha podido cargar el mapa.|无法加载地图。|地図を読み込めませんでした。|지도를 불러오지 못했어요.|تعذّر تحميل الخريطة.
Kartendaten nicht verfügbar.|Données de carte indisponibles.|Dati della mappa non disponibili.|Datos del mapa no disponibles.|地图数据不可用。|地図データがありません。|지도 데이터가 없어요.|بيانات الخريطة غير متاحة.
Karteneinstellungen konnten nicht gespeichert werden.|Impossible d’enregistrer les réglages de la carte.|Impossibile salvare le impostazioni della mappa.|No se han podido guardar los ajustes del mapa.|无法保存地图设置。|地図の設定を保存できませんでした。|지도 설정을 저장하지 못했어요.|تعذّر حفظ إعدادات الخريطة.
Route wird berechnet …|Calcul de l’itinéraire…|Calcolo percorso…|Calculando ruta…|正在计算路线…|ルートを計算中…|경로 계산 중…|جارٍ حساب المسار…
Route wird aktualisiert …|Mise à jour de l’itinéraire…|Aggiornamento percorso…|Actualizando ruta…|正在更新路线…|ルートを更新中…|경로 업데이트 중…|جارٍ تحديث المسار…
Routenberechnung konnte nicht gestartet werden.|Impossible de démarrer le calcul de l’itinéraire.|Impossibile avviare il calcolo del percorso.|No se ha podido iniciar el cálculo de ruta.|无法开始计算路线。|ルートの計算を開始できませんでした。|경로 계산을 시작하지 못했어요.|تعذّر بدء حساب المسار.
Berechne jetzt die Besuchsreihenfolge.|Calculez maintenant l’ordre des visites.|Calcola ora l’ordine delle visite.|Calcula ahora el orden de visita.|现在计算游玩顺序。|訪問する順番を計算しましょう。|방문 순서를 계산해 보세요.|احسب الآن ترتيب الزيارات.
Keine passenden Ziele|Aucune destination correspondante|Nessuna destinazione corrispondente|No hay destinos coincidentes|没有符合条件的地点|条件に合う行き先がありません|조건에 맞는 목적지가 없어요|لا توجد وجهات مطابقة
Ändere die Suche oder Filter. Besuchte Ziele kannst du unter „Filter“ einblenden.|Modifiez la recherche ou les filtres. Les destinations déjà visitées peuvent être affichées dans Filtres.|Modifica ricerca o filtri. Puoi mostrare le destinazioni visitate in Filtri.|Cambia la búsqueda o los filtros. Puedes mostrar los destinos visitados en Filtros.|请调整搜索或筛选条件。已体验项目可在“筛选”中重新显示。|検索条件や絞り込みを変更してください。訪問済みは「絞り込み」で表示できます。|검색어나 필터를 변경하세요. 방문한 곳은 필터에서 다시 표시할 수 있어요.|غيّر البحث أو الفلاتر. يمكنك إظهار الوجهات التي زرتها من الفلاتر.
Keine ausgeblendeten Ziele.|Aucune destination masquée.|Nessuna destinazione nascosta.|No hay destinos ocultos.|没有隐藏的地点。|非表示の行き先はありません。|숨긴 목적지가 없어요.|لا توجد وجهات مخفية.
Diese Ziele sind aus Listen, Karte und Routenvorschlägen ausgeblendet. Hier kannst du sie wieder anzeigen.|Ces destinations sont masquées dans les listes, la carte et les suggestions d’itinéraire. Vous pouvez les réafficher ici.|Queste destinazioni sono nascoste da elenchi, mappa e suggerimenti di percorso. Puoi mostrarle di nuovo qui.|Estos destinos están ocultos en listas, mapa y sugerencias de ruta. Puedes volver a mostrarlos aquí.|这些地点已从列表、地图和路线建议中隐藏，可在这里恢复显示。|これらの行き先はリスト、地図、ルート候補で非表示です。ここで再表示できます。|이 목적지는 목록, 지도와 경로 추천에서 숨겨져 있어요. 여기서 다시 표시할 수 있어요.|هذه الوجهات مخفية من القوائم والخريطة واقتراحات المسار. يمكنك إظهارها مجددًا هنا.
Dieses Ziel ist unter „Ausblenden“ ausgeblendet.|Cette destination est masquée. Vous pouvez la réafficher dans Masquer.|Questa destinazione è nascosta. Puoi riattivarla in Nascondi.|Este destino está oculto. Puedes recuperarlo en Ocultar.|此地点已隐藏，可在“隐藏”列表中恢复。|この行き先は非表示です。「非表示」から再表示できます。|숨긴 목적지예요. 숨기기 목록에서 다시 표시할 수 있어요.|هذه الوجهة مخفية. يمكنك إعادتها من قائمة إخفاء.
Alle ausgewählten Ziele sind erledigt.|Toutes les destinations choisies ont été visitées.|Tutte le destinazioni scelte sono state visitate.|Ya has visitado todos los destinos elegidos.|所有已选地点均已完成。|選んだ行き先をすべて訪問しました。|선택한 목적지를 모두 방문했어요.|تمت زيارة كل الوجهات المختارة.
Geschafft! Alle ausgewählten Rides sind besucht.|Bravo ! Toutes les attractions choisies ont été visitées.|Fatto! Hai visitato tutte le attrazioni scelte.|¡Listo! Has visitado todas las atracciones elegidas.|完成啦！所有已选项目均已体验。|完了！選んだアトラクションをすべて訪問しました。|완료! 선택한 어트랙션을 모두 방문했어요.|تم الإنجاز! جرّبت كل الألعاب المختارة.
Alle unbesuchten Rides sind wieder aktiv.|Toutes les attractions non visitées sont à nouveau actives.|Tutte le attrazioni non visitate sono di nuovo attive.|Todas las atracciones no visitadas vuelven a estar activas.|所有尚未体验的项目已重新启用。|未訪問のアトラクションをすべて戻しました。|아직 방문하지 않은 어트랙션을 모두 다시 포함했어요.|كل الألعاب التي لم تزرها أصبحت نشطة مجددًا.
Das ist der letzte aktive Ride. Du kannst übersprungene Rides wieder aufnehmen.|C’est la dernière attraction active. Vous pouvez réintégrer celles qui ont été passées.|Questa è l’ultima attrazione attiva. Puoi reinserire quelle saltate.|Esta es la última atracción activa. Puedes retomar las omitidas.|这是最后一个待体验项目，你可以恢复之前跳过的项目。|最後の有効なアトラクションです。スキップしたものを戻せます。|마지막 활성 어트랙션이에요. 건너뛴 어트랙션을 다시 포함할 수 있어요.|هذه آخر لعبة نشطة. يمكنك إعادة الألعاب التي تم تخطيها.
Für später vorgemerkt – bleibt unbesucht.|Gardée pour plus tard, sans la marquer comme visitée.|Tenuta per dopo, senza segnarla come visitata.|Guardada para más tarde, sin marcar como visitada.|已留待稍后体验，仍标记为未体验。|後で行く予定にしました。未訪問のままです。|나중에 방문하도록 남겨 두었어요. 방문 완료로 표시하지 않아요.|مؤجلة لوقت لاحق، وتبقى غير مزارة.
Für heute keine weiteren offenen Favoriten.|Plus de favori ouvert pour aujourd’hui.|Nessun altro preferito aperto per oggi.|No quedan más favoritos abiertos hoy.|今天没有其他开放的收藏项目。|今日、営業中の他のお気に入りはありません。|오늘 운영 중인 다른 즐겨찾기가 없어요.|لا توجد ألعاب مفضلة أخرى مفتوحة اليوم.
Favorisiere deine ersten Rides.|Ajoutez vos premières attractions aux favoris.|Aggiungi le prime attrazioni ai preferiti.|Añade tus primeras atracciones a favoritos.|先收藏你想体验的项目。|まずアトラクションをお気に入りに追加しましょう。|먼저 어트랙션을 즐겨찾기에 추가하세요.|أضف أولى ألعابك إلى المفضلة.
Deine Route beginnt mit einem ♥.|Votre itinéraire commence par un ♥.|Il tuo percorso inizia con un ♥.|Tu ruta empieza con un ♥.|你的路线从一个♥开始。|ルートは♥から始まります。|경로는 ♥에서 시작돼요.|مسارك يبدأ بعلامة ♥.
Favorisieren, Route planen, losgehen.|Ajoutez des favoris, préparez l’itinéraire et partez.|Scegli i preferiti, pianifica il percorso e parti.|Elige favoritos, planifica la ruta y ponte en marcha.|收藏项目，规划路线，出发吧。|お気に入りを選んで、ルートを作って、出発。|즐겨찾기 선택, 경로 계획, 이제 출발.|اختر المفضلة وخطّط للمسار ثم انطلق.
Favoriten für deinen Besuch auswählen|Choisir les favoris de votre visite|Scegli i preferiti per la visita|Elegir favoritos para tu visita|选择本次游玩的收藏项目|来園用のお気に入りを選ぶ|방문할 즐겨찾기 선택|اختيار المفضلة لزيارتك
Favoriten können in diesem Browser nicht dauerhaft gespeichert werden.|Les favoris ne peuvent pas être conservés dans ce navigateur.|I preferiti non possono essere salvati in modo permanente in questo browser.|No se pueden guardar los favoritos permanentemente en este navegador.|此浏览器无法永久保存收藏。|このブラウザではお気に入りを保存できません。|이 브라우저에서는 즐겨찾기를 계속 저장할 수 없어요.|لا يمكن حفظ المفضلة بشكل دائم في هذا المتصفح.
Am Ziel angekommen?|Arrivé à destination ?|Sei arrivato?|¿Has llegado al destino?|到达目的地了吗？|目的地に着きましたか？|목적지에 도착했나요?|هل وصلت إلى الوجهة؟
Ziel erreicht|Destination atteinte|Destinazione raggiunta|Destino alcanzado|已到达目的地|目的地に到着|목적지 도착|وصلت إلى الوجهة
Ziel in der Nähe. Nach dem Besuch als erledigt markieren.|Destination à proximité. Marquez-la comme visitée après la visite.|Destinazione vicina. Segnala come completata dopo la visita.|Destino cercano. Márcalo como completado después de visitarlo.|目的地就在附近，体验完成后请标记为已完成。|目的地は近くです。訪問後に完了として記録してください。|목적지가 가까워요. 방문 후 완료로 표시하세요.|الوجهة قريبة. ضع علامة الاكتمال بعد زيارتها.
Dieser Ride ist derzeit geschlossen.|Cette attraction est actuellement fermée.|Questa attrazione è attualmente chiusa.|Esta atracción está cerrada actualmente.|此项目目前关闭。|このアトラクションは現在休止中です。|현재 이 어트랙션은 운영 중단이에요.|هذه اللعبة مغلقة حاليًا.
Für diese Show ist heute keine erreichbare Vorstellung mehr bestätigt.|Aucune autre séance accessible à temps n’est confirmée pour ce spectacle aujourd’hui.|Non è confermata un’altra sessione raggiungibile oggi per questo spettacolo.|No hay más sesiones confirmadas de este espectáculo a las que puedas llegar hoy.|此演出今天没有更多已确认且可及时赶到的场次。|このショーで今日これから間に合う公演は確認できません。|오늘 이 공연에 갈 수 있는 남은 확정 회차가 없어요.|لا توجد جلسة أخرى مؤكدة لهذا العرض يمكنك اللحاق بها اليوم.
{0} Bist du sicher, dass du trotzdem dorthin navigieren möchtest?|{0} Voulez-vous quand même vous y rendre ?|{0} Vuoi comunque andarci?|{0} ¿Quieres ir de todos modos?|{0}仍要导航前往吗？|{0}それでもルート案内しますか？|{0}그래도 길 안내를 시작할까요?|{0} هل تريد التوجه إليه رغم ذلك؟
Dieser Show-Hinweis ist nicht mehr aktuell.|Cette alerte de spectacle n’est plus à jour.|Questo avviso di spettacolo non è più aggiornato.|Este aviso de espectáculo ya no está actualizado.|此演出提醒已过期。|このショーのお知らせは古くなっています。|이 공연 알림은 더 이상 최신이 아니에요.|هذا التنبيه عن العرض لم يعد محدثًا.
Dieser Vorschlag ist nicht mehr aktuell. Das bisherige Ziel bleibt erhalten.|Cette suggestion n’est plus à jour. La destination actuelle est conservée.|Il suggerimento non è più aggiornato. La destinazione attuale resta invariata.|La sugerencia ya no está actualizada. Se mantiene el destino actual.|此建议已过期，原目的地将保持不变。|この候補は古くなっています。元の目的地は維持します。|추천이 더 이상 최신이 아니에요. 기존 목적지를 유지해요.|هذا الاقتراح لم يعد محدثًا. تبقى الوجهة السابقة كما هي.
Die Wartezeit ist nicht mehr aktuell. Bitte aktualisieren.|L’attente n’est plus à jour. Actualisez.|L’attesa non è più aggiornata. Aggiorna.|El tiempo de espera ya no está actualizado. Actualiza.|等候时间已过期，请刷新。|待ち時間の情報が古くなっています。更新してください。|대기 시간 정보가 오래되었어요. 새로고침하세요.|وقت الانتظار لم يعد محدثًا. يرجى التحديث.
Wartezeiten werden geladen …|Chargement des temps d’attente…|Caricamento tempi di attesa…|Cargando tiempos de espera…|正在加载等候时间…|待ち時間を読み込み中…|대기 시간 불러오는 중…|جارٍ تحميل أوقات الانتظار…
Wartezeiten momentan nicht verfügbar|Temps d’attente momentanément indisponibles|Tempi di attesa al momento non disponibili|Tiempos de espera no disponibles ahora|等候时间暂不可用|現在待ち時間を表示できません|현재 대기 시간 정보를 볼 수 없어요|أوقات الانتظار غير متاحة حاليًا
Wartezeiten nicht verfügbar|Temps d’attente indisponibles|Tempi di attesa non disponibili|Tiempos de espera no disponibles|暂无等候时间|待ち時間の情報なし|대기 시간 정보 없음|أوقات الانتظار غير متاحة
Für dieses Ziel liegen momentan keine Wartezeiten vor.|Aucun temps d’attente disponible actuellement pour cette destination.|Non ci sono tempi di attesa disponibili per questa destinazione.|No hay tiempos de espera disponibles para este destino ahora.|此地点目前暂无等候时间数据。|この行き先の待ち時間は現在不明です。|현재 이 목적지의 대기 시간 정보가 없어요.|لا تتوفر أوقات انتظار لهذه الوجهة حاليًا.
Für dieses Ziel werden keine Wartezeiten veröffentlicht.|Aucun temps d’attente n’est publié pour cette destination.|Per questa destinazione non vengono pubblicati tempi di attesa.|No se publican tiempos de espera para este destino.|此地点不公布等候时间。|この行き先の待ち時間は公開されていません。|이 목적지의 대기 시간은 공개되지 않아요.|لا تُنشر أوقات انتظار لهذه الوجهة.
Letzter Stand|Dernières données|Ultimi dati|Últimos datos|上次数据|前回のデータ|마지막 정보|آخر بيانات
Letzter Stand: {0}|Dernières données : {0}|Ultimi dati: {0}|Últimos datos: {0}|上次数据：{0}|前回のデータ：{0}|마지막 정보: {0}|آخر بيانات: {0}
Aktualisierung derzeit nicht bestätigt.|Mise à jour non confirmée pour le moment.|Aggiornamento non confermato al momento.|Actualización no confirmada ahora.|目前无法确认是否为最新数据。|現在の更新は確認できていません。|현재 업데이트가 확인되지 않았어요.|التحديث غير مؤكد حاليًا.
Daten veraltet oder Verbindung unterbrochen|Données anciennes ou connexion interrompue|Dati non aggiornati o connessione interrotta|Datos antiguos o conexión interrumpida|数据已过期或连接中断|古いデータ、または接続切断|오래된 데이터 또는 연결 끊김|البيانات قديمة أو الاتصال انقطع
Quelle aktualisiert ca. alle 5 Min.|La source se met à jour environ toutes les 5 min|La fonte si aggiorna circa ogni 5 min|La fuente se actualiza aprox. cada 5 min|数据来源约每5分钟更新一次|提供元は約5分ごとに更新|데이터 출처는 약 5분마다 업데이트|يُحدّث المصدر كل 5 دقائق تقريبًا
Stand {0}|Mis à jour le {0}|Aggiornato al {0}|Actualizado el {0}|更新于{0}|更新：{0}|업데이트 {0}|آخر تحديث: {0}
Stand|Mis à jour|Aggiornato|Actualizado|更新时间|更新|업데이트|آخر تحديث
Französisch|Français|Francese|Francés|法语|フランス語|프랑스어|الفرنسية
Englisch|Anglais|Inglese|Inglés|英语|英語|영어|الإنجليزية
Deutsch|Allemand|Tedesco|Alemán|德语|ドイツ語|독일어|الألمانية
Italienisch|Italien|Italiano|Italiano|意大利语|イタリア語|이탈리아어|الإيطالية
Spanisch|Espagnol|Spagnolo|Español|西班牙语|スペイン語|스페인어|الإسبانية
Niederländisch|Néerlandais|Olandese|Neerlandés|荷兰语|オランダ語|네덜란드어|الهولندية
